timestamp,sensor_id,location,temperature_c,humidity_pct,pressure_hpa,vibration_ms2,battery_pct,signal_strength_dbm,alert_triggered,firmware_version
2024-03-01 00:00:00,SENS-A1,Floor 1 - Server Room,19.26,52.8,1013.11,0.0096,100.0,-77,False,v2.1.3
2024-03-01 00:15:00,SENS-B2,Floor 2 - Lab,35.86,67.0,1013.67,0.0137,100.0,-54,False,v2.2.0-beta
2024-03-01 00:30:00,SENS-C3,Basement - Storage,22.07,58.5,1007.79,0.0301,100.0,-52,False,v2.2.0-beta
2024-03-01 00:45:00,SENS-D4,Roof - HVAC,55.53,53.9,1018.48,0.0145,100.0,-65,False,v2.1.3
2024-03-01 01:00:00,SENS-A1,Floor 1 - Server Room,23.51,56.4,1010.07,0.0041,99.9,-62,False,v2.2.0-beta
2024-03-01 01:15:00,SENS-B2,Floor 2 - Lab,36.37,63.7,,0.0142,99.9,-67,False,v2.2.0-beta
2024-03-01 01:30:00,SENS-C3,Basement - Storage,16.22,54.4,1010.43,0.0283,99.9,-61,False,v2.1.3
2024-03-01 01:45:00,SENS-D4,Roof - HVAC,53.68,48.9,1011.76,0.0179,99.9,-69,False,v2.2.0-beta
2024-03-01 02:00:00,SENS-A1,Floor 1 - Server Room,22.33,54.8,1018.23,0.0081,99.8,-58,False,v2.1.3
2024-03-01 02:15:00,SENS-B2,Floor 2 - Lab,33.73,58.2,1015.17,0.014,99.8,-63,False,v2.1.3
2024-03-01 02:30:00,SENS-C3,Basement - Storage,16.54,52.2,1013.04,0.0181,99.8,-62,False,v2.1.3
2024-03-01 02:45:00,SENS-D4,Roof - HVAC,55.21,32.4,1007.24,0.0211,99.8,-65,False,v2.1.3
2024-03-01 03:00:00,SENS-A1,Floor 1 - Server Room,22.19,43.1,1007.67,0.0121,99.8,-62,False,v2.1.3
2024-03-01 03:15:00,SENS-B2,Floor 2 - Lab,36.14,47.3,1015.41,0.024,99.8,-68,False,v2.2.0-beta
2024-03-01 03:30:00,SENS-C3,Basement - Storage,17.73,32.5,1004.16,0.0169,99.8,-70,False,v2.1.3
2024-03-01 03:45:00,SENS-D4,Roof - HVAC,55.7,59.2,1020.67,0.0007,99.8,-69,False,v2.1.3
2024-03-01 04:00:00,SENS-A1,Floor 1 - Server Room,23.23,,1020.02,0.0193,99.7,-63,False,v2.2.0-beta
2024-03-01 04:15:00,SENS-B2,Floor 2 - Lab,33.47,24.7,1018.22,0.0176,99.7,-66,False,v2.1.3
2024-03-01 04:30:00,SENS-C3,Basement - Storage,19.16,55.1,1010.92,0.017,99.7,-53,False,v2.1.3
2024-03-01 04:45:00,SENS-D4,Roof - HVAC,53.71,50.9,1010.1,0.0242,99.7,-63,False,v2.1.3
2024-03-01 05:00:00,SENS-A1,Floor 1 - Server Room,20.18,57.6,1008.18,0.0248,99.6,-73,False,v2.1.3
2024-03-01 05:15:00,SENS-B2,Floor 2 - Lab,37.0,51.0,1009.13,0.0136,99.6,-73,False,v2.1.3
2024-03-01 05:30:00,SENS-C3,Basement - Storage,19.74,63.7,1013.11,0.0338,99.6,-55,False,v2.1.3
2024-03-01 05:45:00,SENS-D4,Roof - HVAC,53.73,51.8,1016.19,0.0177,99.6,-64,False,v2.1.3
2024-03-01 06:00:00,SENS-A1,Floor 1 - Server Room,20.92,,1011.77,0.0208,99.5,-53,False,v2.1.3
2024-03-01 06:15:00,SENS-B2,Floor 2 - Lab,35.92,45.3,1014.69,0.0093,99.5,-66,False,v2.1.3
2024-03-01 06:30:00,SENS-C3,Basement - Storage,19.44,38.3,,0.0372,99.5,-59,False,v2.1.3
2024-03-01 06:45:00,SENS-D4,Roof - HVAC,56.43,61.1,1012.29,0.0132,99.5,-74,False,v2.1.3
2024-03-01 07:00:00,SENS-A1,Floor 1 - Server Room,20.22,61.2,1018.4,0.027,99.4,-60,False,v2.2.0-beta
2024-03-01 07:15:00,SENS-B2,Floor 2 - Lab,36.99,63.6,1017.97,0.0049,99.4,-67,False,v2.1.3
2024-03-01 07:30:00,SENS-C3,Basement - Storage,16.22,41.4,1018.48,0.0197,99.4,-66,False,v2.2.0-beta
2024-03-01 07:45:00,SENS-D4,Roof - HVAC,56.03,50.6,1010.92,0.0194,99.4,-36,False,v2.1.3
2024-03-01 08:00:00,SENS-A1,Floor 1 - Server Room,22.19,55.7,1013.04,0.0054,99.4,-56,False,v2.1.3
2024-03-01 08:15:00,SENS-B2,Floor 2 - Lab,38.12,53.4,1013.78,0.0354,99.4,-55,False,v2.1.3
2024-03-01 08:30:00,SENS-C3,Basement - Storage,19.9,55.7,1012.69,0.0287,99.4,-54,False,v2.2.0-beta
2024-03-01 08:45:00,SENS-D4,Roof - HVAC,55.74,77.4,1013.3,0.0179,99.4,-57,False,v2.1.3
2024-03-01 09:00:00,SENS-A1,Floor 1 - Server Room,23.36,57.4,1011.57,0.012,99.3,-73,False,v2.1.3
2024-03-01 09:15:00,SENS-B2,Floor 2 - Lab,35.17,56.5,1009.28,0.0259,99.3,-64,False,v2.1.3
2024-03-01 09:30:00,SENS-C3,Basement - Storage,20.24,68.8,997.25,0.008,99.3,-57,False,v2.1.3
2024-03-01 09:45:00,SENS-D4,Roof - HVAC,54.43,80.4,1013.18,0.0203,99.3,-62,False,v2.2.0-beta
2024-03-01 10:00:00,SENS-A1,Floor 1 - Server Room,21.88,58.8,1010.24,0.0249,99.2,-57,False,v2.1.3
2024-03-01 10:15:00,SENS-B2,Floor 2 - Lab,33.75,57.1,1014.46,0.0195,99.2,-54,False,v2.2.0-beta
2024-03-01 10:30:00,SENS-C3,Basement - Storage,17.27,53.0,1009.5,0.0254,99.2,-72,False,v2.1.3
2024-03-01 10:45:00,SENS-D4,Roof - HVAC,54.35,62.6,1010.21,0.0374,99.2,-66,False,v2.1.3
2024-03-01 11:00:00,SENS-A1,Floor 1 - Server Room,19.91,46.4,1015.33,0.0074,99.1,-73,False,v2.2.0-beta
2024-03-01 11:15:00,SENS-B2,Floor 2 - Lab,54.22,,1011.33,0.3843,99.1,-64,True,v2.1.3
2024-03-01 11:30:00,SENS-C3,Basement - Storage,17.53,54.5,1021.84,0.0153,99.1,-60,False,v2.1.3
2024-03-01 11:45:00,SENS-D4,Roof - HVAC,55.57,,,0.0223,99.1,-61,False,v2.1.3
2024-03-01 12:00:00,SENS-A1,Floor 1 - Server Room,21.88,58.1,1020.92,0.0184,99.0,-74,False,v2.1.3
2024-03-01 12:15:00,SENS-B2,Floor 2 - Lab,33.83,,1012.1,0.0167,99.0,-69,False,v2.1.3
2024-03-01 12:30:00,SENS-C3,Basement - Storage,18.15,59.9,1015.85,0.034,99.0,-71,False,v2.1.3
2024-03-01 12:45:00,SENS-D4,Roof - HVAC,53.59,68.5,1014.68,0.0135,99.0,-62,False,v2.1.3
2024-03-01 13:00:00,SENS-A1,Floor 1 - Server Room,21.93,56.4,1007.56,0.0113,99.0,-63,False,v2.1.3
2024-03-01 13:15:00,SENS-B2,Floor 2 - Lab,38.32,44.6,1010.79,0.0102,99.0,-60,False,v2.1.3
2024-03-01 13:30:00,SENS-C3,Basement - Storage,16.05,50.0,1021.57,0.0333,99.0,-85,False,v2.1.3
2024-03-01 13:45:00,SENS-D4,Roof - HVAC,53.87,,1005.3,0.0165,99.0,-62,False,v2.1.3
2024-03-01 14:00:00,SENS-A1,Floor 1 - Server Room,22.09,78.4,1008.39,0.0226,98.9,-84,False,v2.1.3
2024-03-01 14:15:00,SENS-B2,Floor 2 - Lab,33.69,55.7,1006.0,0.0177,98.9,-85,False,v2.1.3
2024-03-01 14:30:00,SENS-C3,Basement - Storage,18.05,78.7,1010.72,0.0202,98.9,-60,False,v2.1.3
2024-03-01 14:45:00,SENS-D4,Roof - HVAC,55.43,57.7,1011.43,0.0288,98.9,-62,False,v2.2.0-beta
2024-03-01 15:00:00,SENS-A1,Floor 1 - Server Room,23.39,54.5,1013.57,0.0234,98.8,-60,False,v2.1.3
2024-03-01 15:15:00,SENS-B2,Floor 2 - Lab,35.32,63.3,1006.1,0.0089,98.8,-71,False,v2.1.3
2024-03-01 15:30:00,SENS-C3,Basement - Storage,18.11,57.8,1012.3,0.0249,98.8,-66,False,v2.1.3
2024-03-01 15:45:00,SENS-D4,Roof - HVAC,56.62,57.2,1007.52,0.0331,98.8,-62,False,v2.1.3
2024-03-01 16:00:00,SENS-A1,Floor 1 - Server Room,21.78,58.4,1013.75,0.0198,98.7,-53,False,v2.1.3
2024-03-01 16:15:00,SENS-B2,Floor 2 - Lab,36.66,58.2,1006.38,0.0321,98.7,-66,False,v2.1.3
2024-03-01 16:30:00,SENS-C3,Basement - Storage,16.9,55.8,1007.76,0.0067,98.7,-68,False,v2.1.3
2024-03-01 16:45:00,SENS-D4,Roof - HVAC,55.79,,1015.36,0.013,98.7,-67,False,v2.1.3
2024-03-01 17:00:00,SENS-A1,Floor 1 - Server Room,21.64,37.0,1009.16,0.0337,98.6,-73,False,v2.1.3
2024-03-01 17:15:00,SENS-B2,Floor 2 - Lab,33.98,51.0,,0.0107,98.6,-58,False,v2.1.3
2024-03-01 17:30:00,SENS-C3,Basement - Storage,19.12,55.5,1013.63,0.0189,98.6,-60,False,v2.1.3
2024-03-01 17:45:00,SENS-D4,Roof - HVAC,55.81,62.6,1013.12,0.0312,98.6,-70,False,v2.1.3
2024-03-01 18:00:00,SENS-A1,Floor 1 - Server Room,21.16,42.9,1010.93,0.0229,98.6,-64,False,v2.2.0-beta
2024-03-01 18:15:00,SENS-B2,Floor 2 - Lab,36.94,51.8,1009.55,0.033,98.6,-67,False,v2.1.3
2024-03-01 18:30:00,SENS-C3,Basement - Storage,18.77,62.2,1009.72,0.0154,98.6,-69,False,v2.1.3
2024-03-01 18:45:00,SENS-D4,Roof - HVAC,52.8,65.7,1007.31,0.0154,98.6,-58,False,v2.2.0-beta
2024-03-01 19:00:00,SENS-A1,Floor 1 - Server Room,21.1,73.5,1007.3,0.0198,98.5,-67,False,v2.2.0-beta
2024-03-01 19:15:00,SENS-B2,Floor 2 - Lab,35.68,57.9,1013.18,0.0309,98.5,-45,False,v2.1.3
2024-03-01 19:30:00,SENS-C3,Basement - Storage,15.68,50.9,1009.58,0.0044,98.5,-54,False,v2.1.3
2024-03-01 19:45:00,SENS-D4,Roof - HVAC,56.24,58.6,1008.72,0.0282,98.5,-59,False,v2.1.3
2024-03-01 20:00:00,SENS-A1,Floor 1 - Server Room,22.79,63.6,1014.23,0.0237,98.4,-67,False,v2.1.3
2024-03-01 20:15:00,SENS-B2,Floor 2 - Lab,37.09,,1016.71,0.0127,98.4,-70,False,v2.1.3
2024-03-01 20:30:00,SENS-C3,Basement - Storage,17.21,61.1,1005.57,0.0215,98.4,-70,False,v2.1.3
2024-03-01 20:45:00,SENS-D4,Roof - HVAC,52.96,73.5,1008.05,0.0317,98.4,-58,False,v2.1.3
2024-03-01 21:00:00,SENS-A1,Floor 1 - Server Room,21.74,42.0,1005.44,0.0267,98.3,-59,False,v2.1.3
2024-03-01 21:15:00,SENS-B2,Floor 2 - Lab,36.63,47.2,,0.0196,98.3,-64,False,v2.2.0-beta
2024-03-01 21:30:00,SENS-C3,Basement - Storage,19.66,60.5,1018.06,0.0208,98.3,-47,False,v2.2.0-beta
2024-03-01 21:45:00,SENS-D4,Roof - HVAC,55.12,76.9,1016.69,0.0256,98.3,-63,False,v2.1.3
2024-03-01 22:00:00,SENS-A1,Floor 1 - Server Room,21.46,58.8,1006.23,0.0178,98.2,-59,False,v2.1.3
2024-03-01 22:15:00,SENS-B2,Floor 2 - Lab,33.71,62.0,1013.49,0.0239,98.2,-63,False,v2.1.3
2024-03-01 22:30:00,SENS-C3,Basement - Storage,17.46,50.7,1017.77,0.0282,98.2,-64,False,v2.1.3
2024-03-01 22:45:00,SENS-D4,Roof - HVAC,53.34,41.0,1010.03,0.0094,98.2,-53,False,v2.2.0-beta
2024-03-01 23:00:00,SENS-A1,Floor 1 - Server Room,24.02,58.6,1011.8,0.0195,98.2,-48,False,v2.1.3
2024-03-01 23:15:00,SENS-B2,Floor 2 - Lab,33.69,50.9,1009.97,0.0184,98.2,-53,False,v2.1.3
2024-03-01 23:30:00,SENS-C3,Basement - Storage,17.93,29.4,1012.44,0.0264,98.2,-63,False,v2.1.3
2024-03-01 23:45:00,SENS-D4,Roof - HVAC,55.19,52.3,1006.66,0.0157,98.2,-58,False,v2.1.3
2024-03-02 00:00:00,SENS-A1,Floor 1 - Server Room,22.11,45.0,1004.9,0.0289,98.1,-59,False,v2.2.0-beta
2024-03-02 00:15:00,SENS-B2,Floor 2 - Lab,36.91,69.7,1015.75,0.0157,98.1,-60,False,v2.2.0-beta
2024-03-02 00:30:00,SENS-C3,Basement - Storage,18.69,47.7,1008.43,0.0241,98.1,-60,False,v2.2.0-beta
2024-03-02 00:45:00,SENS-D4,Roof - HVAC,56.29,61.6,,0.0209,98.1,-67,False,v2.1.3
2024-03-02 01:00:00,SENS-A1,Floor 1 - Server Room,24.18,50.8,1016.54,0.0224,98.0,-77,False,v2.1.3
2024-03-02 01:15:00,SENS-B2,Floor 2 - Lab,36.77,46.8,1015.39,0.0173,98.0,-63,False,v2.1.3
2024-03-02 01:30:00,SENS-C3,Basement - Storage,18.51,67.9,1010.96,0.0297,98.0,-66,False,v2.1.3
2024-03-02 01:45:00,SENS-D4,Roof - HVAC,57.47,70.0,1018.48,0.0119,98.0,-87,False,v2.2.0-beta
2024-03-02 02:00:00,SENS-A1,Floor 1 - Server Room,24.5,71.3,1019.54,0.0255,97.9,-81,False,v2.1.3
2024-03-02 02:15:00,SENS-B2,Floor 2 - Lab,37.82,60.9,1009.09,0.0216,97.9,-58,False,v2.1.3
2024-03-02 02:30:00,SENS-C3,Basement - Storage,19.74,44.3,1006.23,0.0204,97.9,-57,False,v2.2.0-beta
2024-03-02 02:45:00,SENS-D4,Roof - HVAC,54.59,61.1,1014.22,0.0206,97.9,-51,False,v2.1.3
2024-03-02 03:00:00,SENS-A1,Floor 1 - Server Room,20.92,53.0,1020.42,0.0204,97.8,-71,False,v2.1.3
2024-03-02 03:15:00,SENS-B2,Floor 2 - Lab,34.53,59.0,1022.79,0.0278,97.8,-55,False,v2.1.3
2024-03-02 03:30:00,SENS-C3,Basement - Storage,19.32,89.6,1010.05,0.0235,97.8,-61,False,v2.1.3
2024-03-02 03:45:00,SENS-D4,Roof - HVAC,55.83,64.3,1002.54,0.027,97.8,-70,False,v2.1.3
2024-03-02 04:00:00,SENS-A1,Floor 1 - Server Room,21.92,65.7,1019.33,0.0145,97.8,-72,False,v2.1.3
2024-03-02 04:15:00,SENS-B2,Floor 2 - Lab,35.2,62.1,1014.32,0.0243,97.8,-55,False,v2.1.3
2024-03-02 04:30:00,SENS-C3,Basement - Storage,17.14,58.0,1013.47,0.015,97.8,-55,False,v2.1.3
2024-03-02 04:45:00,SENS-D4,Roof - HVAC,54.58,45.3,1009.52,0.0208,97.8,-65,False,v2.1.3
2024-03-02 05:00:00,SENS-A1,Floor 1 - Server Room,22.87,48.2,1012.71,0.0273,97.7,-58,False,v2.1.3
2024-03-02 05:15:00,SENS-B2,Floor 2 - Lab,34.91,62.6,1025.33,0.0205,97.7,-64,False,v2.1.3
2024-03-02 05:30:00,SENS-C3,Basement - Storage,18.2,60.6,1014.03,0.0116,97.7,-57,False,v2.2.0-beta
2024-03-02 05:45:00,SENS-D4,Roof - HVAC,54.1,48.4,1013.95,0.0349,97.7,-57,False,v2.2.0-beta
2024-03-02 06:00:00,SENS-A1,Floor 1 - Server Room,20.97,59.9,1001.96,0.0225,97.6,-68,False,v2.1.3
2024-03-02 06:15:00,SENS-B2,Floor 2 - Lab,36.35,50.6,1016.98,0.0098,97.6,-75,False,v2.1.3
2024-03-02 06:30:00,SENS-C3,Basement - Storage,16.31,41.3,1012.76,0.0225,97.6,-72,False,v2.2.0-beta
2024-03-02 06:45:00,SENS-D4,Roof - HVAC,52.3,56.9,1008.56,0.0244,97.6,-57,False,v2.1.3
2024-03-02 07:00:00,SENS-A1,Floor 1 - Server Room,22.87,46.1,1018.41,0.033,97.5,-61,False,v2.1.3
2024-03-02 07:15:00,SENS-B2,Floor 2 - Lab,33.42,43.2,1006.61,0.0356,97.5,-70,False,v2.1.3
2024-03-02 07:30:00,SENS-C3,Basement - Storage,17.67,65.7,1010.96,0.0285,97.5,-44,False,v2.2.0-beta
2024-03-02 07:45:00,SENS-D4,Roof - HVAC,53.09,54.8,1003.7,0.016,97.5,-79,False,v2.2.0-beta
2024-03-02 08:00:00,SENS-A1,Floor 1 - Server Room,24.41,,1020.27,0.0106,97.4,-68,False,v2.1.3
2024-03-02 08:15:00,SENS-B2,Floor 2 - Lab,33.39,62.7,1005.52,0.0149,97.4,-62,False,v2.1.3
2024-03-02 08:30:00,SENS-C3,Basement - Storage,18.54,52.1,1019.67,0.0275,97.4,-76,False,v2.1.3
2024-03-02 08:45:00,SENS-D4,Roof - HVAC,54.54,,1016.87,0.0252,97.4,-67,False,v2.1.3
2024-03-02 09:00:00,SENS-A1,Floor 1 - Server Room,21.36,45.2,1009.72,0.003,97.4,-56,False,v2.1.3
2024-03-02 09:15:00,SENS-B2,Floor 2 - Lab,31.83,62.8,1011.67,0.0285,97.4,-81,False,v2.2.0-beta
2024-03-02 09:30:00,SENS-C3,Basement - Storage,17.95,39.6,1018.77,0.0238,97.4,-59,False,v2.2.0-beta
2024-03-02 09:45:00,SENS-D4,Roof - HVAC,54.78,68.7,1015.85,0.0265,97.4,-66,False,v2.1.3
2024-03-02 10:00:00,SENS-A1,Floor 1 - Server Room,23.0,54.5,1012.16,0.0097,97.3,-65,False,v2.1.3
2024-03-02 10:15:00,SENS-B2,Floor 2 - Lab,33.54,42.0,1018.52,0.0162,97.3,-57,False,v2.2.0-beta
2024-03-02 10:30:00,SENS-C3,Basement - Storage,18.79,69.1,1013.27,0.0207,97.3,-60,False,v2.1.3
2024-03-02 10:45:00,SENS-D4,Roof - HVAC,56.24,66.9,1015.21,0.0161,97.3,-66,False,v2.1.3
2024-03-02 11:00:00,SENS-A1,Floor 1 - Server Room,23.08,60.1,1019.84,0.0124,97.2,-66,False,v2.2.0-beta
2024-03-02 11:15:00,SENS-B2,Floor 2 - Lab,37.24,47.7,1020.74,0.0141,97.2,-57,False,v2.1.3
2024-03-02 11:30:00,SENS-C3,Basement - Storage,16.82,56.5,1018.19,0.0203,97.2,-59,False,v2.1.3
2024-03-02 11:45:00,SENS-D4,Roof - HVAC,52.46,54.1,1014.91,0.0271,97.2,-61,False,v2.1.3
2024-03-02 12:00:00,SENS-A1,Floor 1 - Server Room,24.32,42.5,1012.71,0.0337,97.1,-66,False,v2.1.3
2024-03-02 12:15:00,SENS-B2,Floor 2 - Lab,36.3,58.1,1018.12,0.0118,97.1,-66,False,v2.1.3
2024-03-02 12:30:00,SENS-C3,Basement - Storage,19.29,36.8,1012.57,0.0113,97.1,-54,False,v2.1.3
2024-03-02 12:45:00,SENS-D4,Roof - HVAC,55.59,58.9,1016.09,0.0182,97.1,-67,False,v2.1.3
2024-03-02 13:00:00,SENS-A1,Floor 1 - Server Room,19.63,50.9,1015.63,0.0425,97.0,-59,False,v2.1.3
2024-03-02 13:15:00,SENS-B2,Floor 2 - Lab,36.0,45.8,1010.57,0.03,97.0,-60,False,v2.2.0-beta
2024-03-02 13:30:00,SENS-C3,Basement - Storage,18.79,61.0,1019.6,0.0194,97.0,-72,False,v2.1.3
2024-03-02 13:45:00,SENS-D4,Roof - HVAC,53.84,53.8,1014.59,0.0238,97.0,-52,False,v2.1.3
2024-03-02 14:00:00,SENS-A1,Floor 1 - Server Room,26.03,52.9,1017.64,0.0206,97.0,-75,False,v2.1.3
2024-03-02 14:15:00,SENS-B2,Floor 2 - Lab,34.5,42.9,,0.0158,97.0,-66,False,v2.1.3
2024-03-02 14:30:00,SENS-C3,Basement - Storage,17.72,69.4,1013.79,0.0178,97.0,-55,False,v2.1.3
2024-03-02 14:45:00,SENS-D4,Roof - HVAC,53.93,51.0,1016.78,0.0208,97.0,-66,False,v2.1.3
2024-03-02 15:00:00,SENS-A1,Floor 1 - Server Room,22.27,67.7,1008.09,0.0233,96.9,-69,False,v2.1.3
2024-03-02 15:15:00,SENS-B2,Floor 2 - Lab,36.59,52.9,1011.71,0.0306,96.9,-72,False,v2.1.3
2024-03-02 15:30:00,SENS-C3,Basement - Storage,18.53,66.2,1013.33,0.0158,96.9,-72,False,v2.1.3
2024-03-02 15:45:00,SENS-D4,Roof - HVAC,54.81,63.2,1016.48,0.0205,96.9,-51,False,v2.1.3
2024-03-02 16:00:00,SENS-A1,Floor 1 - Server Room,21.88,45.6,1005.68,0.0162,96.8,-73,False,v2.1.3
2024-03-02 16:15:00,SENS-B2,Floor 2 - Lab,36.33,78.1,1021.49,0.0202,96.8,-64,False,v2.1.3
2024-03-02 16:30:00,SENS-C3,Basement - Storage,16.82,43.0,1011.24,0.013,96.8,-54,False,v2.2.0-beta
2024-03-02 16:45:00,SENS-D4,Roof - HVAC,53.42,49.5,1012.53,0.023,96.8,-81,False,v2.1.3
2024-03-02 17:00:00,SENS-A1,Floor 1 - Server Room,20.38,61.5,1019.24,0.004,96.7,-69,False,v2.2.0-beta
2024-03-02 17:15:00,SENS-B2,Floor 2 - Lab,35.71,65.3,1018.01,0.0218,96.7,-65,False,v2.2.0-beta
2024-03-02 17:30:00,SENS-C3,Basement - Storage,17.16,43.2,1022.17,0.0233,96.7,-57,False,v2.2.0-beta
2024-03-02 17:45:00,SENS-D4,Roof - HVAC,52.28,74.7,1016.84,0.0183,96.7,-56,False,v2.1.3
2024-03-02 18:00:00,SENS-A1,Floor 1 - Server Room,24.4,62.6,1009.44,0.0233,96.6,-48,False,v2.1.3
2024-03-02 18:15:00,SENS-B2,Floor 2 - Lab,35.28,64.2,1006.32,0.0171,96.6,-64,False,v2.1.3
2024-03-02 18:30:00,SENS-C3,Basement - Storage,16.81,52.0,1006.42,0.0193,96.6,-73,False,v2.1.3
2024-03-02 18:45:00,SENS-D4,Roof - HVAC,56.07,44.7,,0.0205,96.6,-63,False,v2.2.0-beta
2024-03-02 19:00:00,SENS-A1,Floor 1 - Server Room,21.31,58.4,1006.96,0.0133,96.6,-62,False,v2.1.3
2024-03-02 19:15:00,SENS-B2,Floor 2 - Lab,33.52,54.1,1006.97,0.0213,96.6,-68,False,v2.2.0-beta
2024-03-02 19:30:00,SENS-C3,Basement - Storage,19.51,40.7,,0.0279,96.6,-64,False,v2.2.0-beta
2024-03-02 19:45:00,SENS-D4,Roof - HVAC,54.84,42.1,1018.72,0.0221,96.6,-65,False,v2.1.3
2024-03-02 20:00:00,SENS-A1,Floor 1 - Server Room,22.5,72.1,1010.89,0.0176,96.5,-62,False,v2.2.0-beta
2024-03-02 20:15:00,SENS-B2,Floor 2 - Lab,38.71,47.8,1007.45,0.0176,96.5,-64,False,v2.2.0-beta
2024-03-02 20:30:00,SENS-C3,Basement - Storage,17.16,65.6,1008.07,0.025,96.5,-57,False,v2.2.0-beta
2024-03-02 20:45:00,SENS-D4,Roof - HVAC,54.78,66.5,1013.73,0.0203,96.5,-61,False,v2.1.3
2024-03-02 21:00:00,SENS-A1,Floor 1 - Server Room,23.08,60.3,1008.15,0.0111,96.4,-58,False,v2.1.3
2024-03-02 21:15:00,SENS-B2,Floor 2 - Lab,34.71,41.3,1012.17,0.0141,96.4,-76,False,v2.1.3
2024-03-02 21:30:00,SENS-C3,Basement - Storage,17.89,63.6,1019.42,0.0189,96.4,-49,False,v2.1.3
2024-03-02 21:45:00,SENS-D4,Roof - HVAC,56.23,46.0,1006.92,0.0203,96.4,-83,False,v2.1.3
2024-03-02 22:00:00,SENS-A1,Floor 1 - Server Room,22.59,66.7,1009.09,0.0224,96.3,-63,False,v2.1.3
2024-03-02 22:15:00,SENS-B2,Floor 2 - Lab,33.49,45.7,1010.58,0.0277,96.3,-72,False,v2.1.3
2024-03-02 22:30:00,SENS-C3,Basement - Storage,18.45,81.8,1015.6,0.0094,96.3,-66,False,v2.1.3
2024-03-02 22:45:00,SENS-D4,Roof - HVAC,59.09,71.7,1014.56,0.0216,96.3,-51,False,v2.1.3
2024-03-02 23:00:00,SENS-A1,Floor 1 - Server Room,22.22,51.6,1013.79,0.0242,96.2,-76,False,v2.1.3
2024-03-02 23:15:00,SENS-B2,Floor 2 - Lab,35.52,40.2,1022.76,0.0117,96.2,-55,False,v2.1.3
2024-03-02 23:30:00,SENS-C3,Basement - Storage,17.43,48.8,1000.5,0.0188,96.2,-54,False,v2.1.3
2024-03-02 23:45:00,SENS-D4,Roof - HVAC,55.45,50.3,1017.43,0.0181,96.2,-71,False,v2.1.3
2024-03-03 00:00:00,SENS-A1,Floor 1 - Server Room,22.3,58.9,1018.24,0.0097,96.2,-65,False,v2.2.0-beta
2024-03-03 00:15:00,SENS-B2,Floor 2 - Lab,33.64,55.6,1012.2,0.0147,96.2,-63,False,v2.2.0-beta
2024-03-03 00:30:00,SENS-C3,Basement - Storage,17.62,45.4,1012.59,0.0127,96.2,-65,False,v2.2.0-beta
2024-03-03 00:45:00,SENS-D4,Roof - HVAC,55.61,52.4,,0.0236,96.2,-66,False,v2.1.3
2024-03-03 01:00:00,SENS-A1,Floor 1 - Server Room,25.03,48.2,1019.79,0.0255,96.1,-76,False,v2.1.3
2024-03-03 01:15:00,SENS-B2,Floor 2 - Lab,32.66,57.3,1021.66,0.0262,96.1,-75,False,v2.1.3
2024-03-03 01:30:00,SENS-C3,Basement - Storage,18.42,,1007.8,0.0207,96.1,-75,False,v2.1.3
2024-03-03 01:45:00,SENS-D4,Roof - HVAC,53.7,47.0,1012.32,0.0161,96.1,-69,False,v2.1.3
2024-03-03 02:00:00,SENS-A1,Floor 1 - Server Room,19.39,,1006.55,0.0352,96.0,-75,False,v2.1.3
2024-03-03 02:15:00,SENS-B2,Floor 2 - Lab,51.73,70.6,1020.29,0.3739,96.0,-60,True,v2.1.3
2024-03-03 02:30:00,SENS-C3,Basement - Storage,23.17,55.3,1013.01,0.0022,96.0,-61,False,v2.1.3
2024-03-03 02:45:00,SENS-D4,Roof - HVAC,54.62,65.3,1019.02,0.0221,96.0,-54,False,v2.1.3
2024-03-03 03:00:00,SENS-A1,Floor 1 - Server Room,21.38,28.6,1003.31,0.0144,95.9,-55,False,v2.2.0-beta
2024-03-03 03:15:00,SENS-B2,Floor 2 - Lab,35.67,48.3,1010.32,0.0158,95.9,-69,False,v2.1.3
2024-03-03 03:30:00,SENS-C3,Basement - Storage,17.23,50.4,1014.03,0.0127,95.9,-57,False,v2.1.3
2024-03-03 03:45:00,SENS-D4,Roof - HVAC,54.12,66.6,1020.26,0.0215,95.9,-68,False,v2.1.3
2024-03-03 04:00:00,SENS-A1,Floor 1 - Server Room,21.6,57.5,1006.07,0.0132,95.8,-56,False,v2.1.3
2024-03-03 04:15:00,SENS-B2,Floor 2 - Lab,34.18,49.9,1011.8,0.025,95.8,-53,False,v2.1.3
2024-03-03 04:30:00,SENS-C3,Basement - Storage,17.86,57.9,1015.33,0.0355,95.8,-74,False,v2.1.3
2024-03-03 04:45:00,SENS-D4,Roof - HVAC,58.61,46.1,1019.98,0.035,95.8,-67,False,v2.1.3
2024-03-03 05:00:00,SENS-A1,Floor 1 - Server Room,23.03,51.5,1007.8,0.0172,95.8,-64,False,v2.2.0-beta
2024-03-03 05:15:00,SENS-B2,Floor 2 - Lab,35.56,55.8,1000.73,0.0367,95.8,-57,False,v2.1.3
2024-03-03 05:30:00,SENS-C3,Basement - Storage,16.79,63.2,1010.34,0.0174,95.8,-68,False,v2.2.0-beta
2024-03-03 05:45:00,SENS-D4,Roof - HVAC,53.11,,,0.035,95.8,-58,False,v2.1.3
2024-03-03 06:00:00,SENS-A1,Floor 1 - Server Room,21.64,65.5,1010.18,0.0132,95.7,-72,False,v2.1.3
2024-03-03 06:15:00,SENS-B2,Floor 2 - Lab,35.24,69.9,1016.19,0.0002,95.7,-69,False,v2.1.3
2024-03-03 06:30:00,SENS-C3,Basement - Storage,16.4,76.1,1013.24,0.0285,95.7,-53,False,v2.2.0-beta
2024-03-03 06:45:00,SENS-D4,Roof - HVAC,56.63,56.2,1011.33,0.0177,95.7,-64,False,v2.1.3
2024-03-03 07:00:00,SENS-A1,Floor 1 - Server Room,21.3,57.4,1013.91,0.0047,95.6,-62,False,v2.2.0-beta
2024-03-03 07:15:00,SENS-B2,Floor 2 - Lab,34.79,61.4,1006.67,0.0205,95.6,-50,False,v2.1.3
2024-03-03 07:30:00,SENS-C3,Basement - Storage,17.73,48.6,1011.89,0.0215,95.6,-81,False,v2.1.3
2024-03-03 07:45:00,SENS-D4,Roof - HVAC,54.96,56.6,1012.73,0.013,95.6,-51,False,v2.1.3
2024-03-03 08:00:00,SENS-A1,Floor 1 - Server Room,21.79,60.6,1008.54,0.0252,95.5,-69,False,v2.1.3
2024-03-03 08:15:00,SENS-B2,Floor 2 - Lab,37.31,83.4,1014.96,0.0062,95.5,-55,False,v2.1.3
2024-03-03 08:30:00,SENS-C3,Basement - Storage,20.03,69.2,1013.03,0.022,95.5,-69,False,v2.1.3
2024-03-03 08:45:00,SENS-D4,Roof - HVAC,54.5,64.3,1014.67,0.018,95.5,-67,False,v2.1.3
2024-03-03 09:00:00,SENS-A1,Floor 1 - Server Room,22.43,51.0,1014.87,0.0295,95.4,-60,False,v2.1.3
2024-03-03 09:15:00,SENS-B2,Floor 2 - Lab,37.51,59.1,1017.68,0.0341,95.4,-67,False,v2.1.3
2024-03-03 09:30:00,SENS-C3,Basement - Storage,16.48,72.0,1011.31,0.0135,95.4,-76,False,v2.1.3
2024-03-03 09:45:00,SENS-D4,Roof - HVAC,56.52,46.8,1009.9,0.0263,95.4,-64,False,v2.1.3
2024-03-03 10:00:00,SENS-A1,Floor 1 - Server Room,22.23,58.0,1017.78,0.0018,95.4,-70,False,v2.1.3
2024-03-03 10:15:00,SENS-B2,Floor 2 - Lab,34.21,52.8,1019.68,0.0151,95.4,-70,False,v2.1.3
2024-03-03 10:30:00,SENS-C3,Basement - Storage,15.86,64.7,1011.67,0.0243,95.4,-69,False,v2.1.3
2024-03-03 10:45:00,SENS-D4,Roof - HVAC,55.98,53.1,1021.7,0.0164,95.4,-62,False,v2.1.3
2024-03-03 11:00:00,SENS-A1,Floor 1 - Server Room,20.86,47.9,1012.03,0.026,95.3,-64,False,v2.1.3
2024-03-03 11:15:00,SENS-B2,Floor 2 - Lab,38.42,66.1,1021.89,0.0233,95.3,-84,False,v2.1.3
2024-03-03 11:30:00,SENS-C3,Basement - Storage,17.32,47.1,1006.07,0.0154,95.3,-63,False,v2.1.3
2024-03-03 11:45:00,SENS-D4,Roof - HVAC,51.92,54.9,1010.36,0.0252,95.3,-48,False,v2.1.3
2024-03-03 12:00:00,SENS-A1,Floor 1 - Server Room,21.6,63.7,1019.48,0.0256,95.2,-69,False,v2.1.3
2024-03-03 12:15:00,SENS-B2,Floor 2 - Lab,35.99,51.9,1016.34,0.0156,95.2,-71,False,v2.1.3
2024-03-03 12:30:00,SENS-C3,Basement - Storage,17.83,53.0,1014.33,0.0122,95.2,-76,False,v2.1.3
2024-03-03 12:45:00,SENS-D4,Roof - HVAC,55.4,46.9,1015.62,0.0231,95.2,-45,False,v2.1.3
2024-03-03 13:00:00,SENS-A1,Floor 1 - Server Room,21.78,51.0,1013.44,0.0294,95.1,-53,False,v2.1.3
2024-03-03 13:15:00,SENS-B2,Floor 2 - Lab,36.33,62.5,1011.85,0.0089,95.1,-74,False,v2.1.3
2024-03-03 13:30:00,SENS-C3,Basement - Storage,17.23,53.1,1012.51,0.0096,95.1,-57,False,v2.1.3
2024-03-03 13:45:00,SENS-D4,Roof - HVAC,54.8,48.0,1010.95,0.0212,95.1,-72,False,v2.1.3
2024-03-03 14:00:00,SENS-A1,Floor 1 - Server Room,21.96,24.1,1009.92,0.0141,95.0,-79,False,v2.1.3
2024-03-03 14:15:00,SENS-B2,Floor 2 - Lab,37.37,45.9,1010.05,0.0199,95.0,-75,False,v2.1.3
2024-03-03 14:30:00,SENS-C3,Basement - Storage,19.5,55.7,1007.92,0.0158,95.0,-56,False,v2.2.0-beta
2024-03-03 14:45:00,SENS-D4,Roof - HVAC,56.37,52.5,,0.027,95.0,-60,False,v2.1.3
2024-03-03 15:00:00,SENS-A1,Floor 1 - Server Room,22.21,61.9,1015.05,0.0224,95.0,-62,False,v2.1.3
2024-03-03 15:15:00,SENS-B2,Floor 2 - Lab,33.6,42.0,1017.87,0.0142,95.0,-67,False,v2.1.3
2024-03-03 15:30:00,SENS-C3,Basement - Storage,18.37,61.8,1016.68,0.019,95.0,-79,False,v2.1.3
2024-03-03 15:45:00,SENS-D4,Roof - HVAC,55.3,50.5,1012.77,0.0299,95.0,-62,False,v2.1.3
2024-03-03 16:00:00,SENS-A1,Floor 1 - Server Room,24.88,49.4,1009.76,0.0202,94.9,-68,False,v2.1.3
2024-03-03 16:15:00,SENS-B2,Floor 2 - Lab,35.31,68.0,,0.0171,94.9,-76,False,v2.1.3
2024-03-03 16:30:00,SENS-C3,Basement - Storage,16.11,36.2,1014.35,0.0186,94.9,-72,False,v2.1.3
2024-03-03 16:45:00,SENS-D4,Roof - HVAC,55.77,44.7,1016.8,0.0403,94.9,-60,False,v2.1.3
2024-03-03 17:00:00,SENS-A1,Floor 1 - Server Room,21.8,59.9,1015.14,0.0156,94.8,-69,False,v2.1.3
2024-03-03 17:15:00,SENS-B2,Floor 2 - Lab,37.17,61.9,1013.17,0.0227,94.8,-57,False,v2.1.3
2024-03-03 17:30:00,SENS-C3,Basement - Storage,14.46,57.1,1010.41,0.017,94.8,-69,False,v2.1.3
2024-03-03 17:45:00,SENS-D4,Roof - HVAC,56.53,56.3,1010.85,0.03,94.8,-74,False,v2.1.3
2024-03-03 18:00:00,SENS-A1,Floor 1 - Server Room,23.28,54.8,1003.46,0.0236,94.7,-75,False,v2.1.3
2024-03-03 18:15:00,SENS-B2,Floor 2 - Lab,34.75,59.5,1014.71,0.0047,94.7,-68,False,v2.2.0-beta
2024-03-03 18:30:00,SENS-C3,Basement - Storage,18.54,53.4,1016.38,0.0176,94.7,-70,False,v2.2.0-beta
2024-03-03 18:45:00,SENS-D4,Roof - HVAC,56.08,,1015.03,0.0006,94.7,-71,False,v2.1.3
2024-03-03 19:00:00,SENS-A1,Floor 1 - Server Room,21.45,51.8,1015.79,0.0196,94.6,-64,False,v2.1.3
2024-03-03 19:15:00,SENS-B2,Floor 2 - Lab,36.36,54.3,1014.78,0.0192,94.6,-68,False,v2.2.0-beta
2024-03-03 19:30:00,SENS-C3,Basement - Storage,16.69,48.9,1010.64,0.0133,94.6,-67,False,v2.1.3
2024-03-03 19:45:00,SENS-D4,Roof - HVAC,55.75,,1019.77,0.0189,94.6,-81,False,v2.1.3
2024-03-03 20:00:00,SENS-A1,Floor 1 - Server Room,19.28,56.5,1018.38,0.0164,94.6,-66,False,v2.1.3
2024-03-03 20:15:00,SENS-B2,Floor 2 - Lab,37.31,42.8,1016.31,0.0027,94.6,-65,False,v2.1.3
2024-03-03 20:30:00,SENS-C3,Basement - Storage,16.63,64.8,1007.66,0.0106,94.6,-69,False,v2.1.3
2024-03-03 20:45:00,SENS-D4,Roof - HVAC,53.7,47.2,1017.72,0.0318,94.6,-75,False,v2.1.3
2024-03-03 21:00:00,SENS-A1,Floor 1 - Server Room,20.57,57.7,,0.0287,94.5,-65,False,v2.1.3
2024-03-03 21:15:00,SENS-B2,Floor 2 - Lab,35.63,52.8,1011.47,0.0274,94.5,-74,False,v2.1.3
2024-03-03 21:30:00,SENS-C3,Basement - Storage,19.46,54.2,1005.65,0.0036,94.5,-62,False,v2.1.3
2024-03-03 21:45:00,SENS-D4,Roof - HVAC,53.25,55.6,1012.96,0.0105,94.5,-76,False,v2.1.3
2024-03-03 22:00:00,SENS-A1,Floor 1 - Server Room,24.7,53.7,1015.43,0.0225,94.4,-60,False,v2.1.3
2024-03-03 22:15:00,SENS-B2,Floor 2 - Lab,37.04,69.6,1020.25,0.0176,94.4,-68,False,v2.1.3
2024-03-03 22:30:00,SENS-C3,Basement - Storage,16.85,52.2,1007.75,0.018,94.4,-71,False,v2.1.3
2024-03-03 22:45:00,SENS-D4,Roof - HVAC,56.59,62.8,1014.05,0.0329,94.4,-61,False,v2.1.3
2024-03-03 23:00:00,SENS-A1,Floor 1 - Server Room,22.43,75.8,1015.24,0.0224,94.3,-56,False,v2.1.3
2024-03-03 23:15:00,SENS-B2,Floor 2 - Lab,32.28,64.0,1025.53,0.0372,94.3,-71,False,v2.1.3
2024-03-03 23:30:00,SENS-C3,Basement - Storage,18.16,54.4,1016.98,0.0172,94.3,-70,False,v2.1.3
2024-03-03 23:45:00,SENS-D4,Roof - HVAC,56.34,45.9,1010.0,0.0203,94.3,-60,False,v2.1.3
2024-03-04 00:00:00,SENS-A1,Floor 1 - Server Room,22.55,52.2,1010.89,0.0356,94.2,-58,False,v2.1.3
2024-03-04 00:15:00,SENS-B2,Floor 2 - Lab,36.13,57.7,1007.43,0.0353,94.2,-75,False,v2.2.0-beta
2024-03-04 00:30:00,SENS-C3,Basement - Storage,18.38,,1015.21,0.0172,94.2,-75,False,v2.1.3
2024-03-04 00:45:00,SENS-D4,Roof - HVAC,54.88,62.0,1013.75,0.0074,94.2,-46,False,v2.1.3
2024-03-04 01:00:00,SENS-A1,Floor 1 - Server Room,21.5,48.6,1005.21,0.0151,94.2,-60,False,v2.2.0-beta
2024-03-04 01:15:00,SENS-B2,Floor 2 - Lab,33.63,54.9,,0.0208,94.2,-52,False,v2.1.3
2024-03-04 01:30:00,SENS-C3,Basement - Storage,14.43,46.8,1020.79,0.0129,94.2,-63,False,v2.1.3
2024-03-04 01:45:00,SENS-D4,Roof - HVAC,53.13,63.2,1023.03,0.0283,94.2,-64,False,v2.1.3
2024-03-04 02:00:00,SENS-A1,Floor 1 - Server Room,21.47,46.2,,0.029,94.1,-62,False,v2.1.3
2024-03-04 02:15:00,SENS-B2,Floor 2 - Lab,35.69,48.5,1015.03,0.0139,94.1,-63,False,v2.2.0-beta
2024-03-04 02:30:00,SENS-C3,Basement - Storage,17.32,64.9,1016.21,0.0231,94.1,-73,False,v2.1.3
2024-03-04 02:45:00,SENS-D4,Roof - HVAC,54.0,46.1,1018.78,0.0148,94.1,-65,False,v2.1.3
2024-03-04 03:00:00,SENS-A1,Floor 1 - Server Room,20.14,40.0,1012.05,0.0265,94.0,-59,False,v2.1.3
2024-03-04 03:15:00,SENS-B2,Floor 2 - Lab,34.79,40.3,1011.78,0.0203,94.0,-60,False,v2.1.3
2024-03-04 03:30:00,SENS-C3,Basement - Storage,18.13,47.0,1010.76,0.0212,94.0,-64,False,v2.1.3
2024-03-04 03:45:00,SENS-D4,Roof - HVAC,58.05,50.7,,0.0051,94.0,-61,False,v2.1.3
2024-03-04 04:00:00,SENS-A1,Floor 1 - Server Room,22.97,43.9,1011.1,0.0233,93.9,-64,False,v2.1.3
2024-03-04 04:15:00,SENS-B2,Floor 2 - Lab,38.04,47.3,1007.44,0.0143,93.9,-55,False,v2.1.3
2024-03-04 04:30:00,SENS-C3,Basement - Storage,17.18,66.2,1015.51,0.0109,93.9,-61,False,v2.2.0-beta
2024-03-04 04:45:00,SENS-D4,Roof - HVAC,54.57,38.1,1020.04,0.016,93.9,-75,False,v2.1.3
2024-03-04 05:00:00,SENS-A1,Floor 1 - Server Room,23.94,50.9,1013.8,0.0184,93.8,-60,False,v2.1.3
2024-03-04 05:15:00,SENS-B2,Floor 2 - Lab,35.09,50.3,1016.12,0.0237,93.8,-57,False,v2.1.3
2024-03-04 05:30:00,SENS-C3,Basement - Storage,14.51,72.8,1016.77,0.0079,93.8,-64,False,v2.1.3
2024-03-04 05:45:00,SENS-D4,Roof - HVAC,55.87,49.4,1021.49,0.0204,93.8,-65,False,v2.1.3
2024-03-04 06:00:00,SENS-A1,Floor 1 - Server Room,22.87,59.6,1013.45,0.0277,93.8,-62,False,v2.1.3
2024-03-04 06:15:00,SENS-B2,Floor 2 - Lab,35.77,51.1,1010.72,0.0136,93.8,-68,False,v2.1.3
2024-03-04 06:30:00,SENS-C3,Basement - Storage,16.3,66.1,1012.13,0.0291,93.8,-58,False,v2.2.0-beta
2024-03-04 06:45:00,SENS-D4,Roof - HVAC,54.76,42.8,1009.92,0.0246,93.8,-68,False,v2.1.3
2024-03-04 07:00:00,SENS-A1,Floor 1 - Server Room,22.72,60.5,1020.3,0.0173,93.7,-68,False,v2.1.3
2024-03-04 07:15:00,SENS-B2,Floor 2 - Lab,35.37,,1017.02,0.0186,93.7,-59,False,v2.1.3
2024-03-04 07:30:00,SENS-C3,Basement - Storage,19.32,51.8,1009.85,0.0089,93.7,-73,False,v2.2.0-beta
2024-03-04 07:45:00,SENS-D4,Roof - HVAC,55.53,52.8,1008.82,0.0134,93.7,-55,False,v2.1.3
2024-03-04 08:00:00,SENS-A1,Floor 1 - Server Room,23.86,67.4,1014.39,0.0229,93.6,-72,False,v2.1.3
2024-03-04 08:15:00,SENS-B2,Floor 2 - Lab,35.05,59.1,1006.55,0.0234,93.6,-60,False,v2.2.0-beta
2024-03-04 08:30:00,SENS-C3,Basement - Storage,20.09,57.1,1008.02,0.0212,93.6,-62,False,v2.1.3
2024-03-04 08:45:00,SENS-D4,Roof - HVAC,56.64,51.7,1012.26,0.0296,93.6,-53,False,v2.1.3
2024-03-04 09:00:00,SENS-A1,Floor 1 - Server Room,19.17,66.3,1016.8,0.0233,93.5,-63,False,v2.1.3
2024-03-04 09:15:00,SENS-B2,Floor 2 - Lab,35.55,46.3,1014.55,0.0287,93.5,-70,False,v2.1.3
2024-03-04 09:30:00,SENS-C3,Basement - Storage,19.64,43.9,1015.74,0.022,93.5,-75,False,v2.2.0-beta
2024-03-04 09:45:00,SENS-D4,Roof - HVAC,52.91,51.0,1011.56,0.0005,93.5,-62,False,v2.1.3
2024-03-04 10:00:00,SENS-A1,Floor 1 - Server Room,22.56,43.9,1012.19,0.0226,93.4,-61,False,v2.1.3
2024-03-04 10:15:00,SENS-B2,Floor 2 - Lab,35.1,61.5,1015.57,0.0301,93.4,-75,False,v2.2.0-beta
2024-03-04 10:30:00,SENS-C3,Basement - Storage,17.25,59.0,1004.9,0.0248,93.4,-60,False,v2.1.3
2024-03-04 10:45:00,SENS-D4,Roof - HVAC,55.33,63.7,1013.07,0.0084,93.4,-48,False,v2.1.3
2024-03-04 11:00:00,SENS-A1,Floor 1 - Server Room,21.39,47.3,1013.31,0.009,93.4,-71,False,v2.2.0-beta
2024-03-04 11:15:00,SENS-B2,Floor 2 - Lab,35.95,59.3,1016.66,0.0221,93.4,-71,False,v2.1.3
2024-03-04 11:30:00,SENS-C3,Basement - Storage,17.32,58.0,1018.41,0.0203,93.4,-69,False,v2.1.3
2024-03-04 11:45:00,SENS-D4,Roof - HVAC,56.64,58.5,1011.1,0.0125,93.4,-79,False,v2.2.0-beta
2024-03-04 12:00:00,SENS-A1,Floor 1 - Server Room,21.77,48.9,1020.96,0.0155,93.3,-69,False,v2.1.3
2024-03-04 12:15:00,SENS-B2,Floor 2 - Lab,34.97,57.6,1011.8,0.014,93.3,-68,False,v2.1.3
2024-03-04 12:30:00,SENS-C3,Basement - Storage,19.03,71.2,1011.7,0.029,93.3,-53,False,v2.1.3
2024-03-04 12:45:00,SENS-D4,Roof - HVAC,54.08,52.9,1017.73,0.0097,93.3,-64,False,v2.1.3
2024-03-04 13:00:00,SENS-A1,Floor 1 - Server Room,22.82,48.7,1010.15,0.0127,93.2,-68,False,v2.2.0-beta
2024-03-04 13:15:00,SENS-B2,Floor 2 - Lab,35.38,37.0,1009.97,0.0382,93.2,-71,False,v2.1.3
2024-03-04 13:30:00,SENS-C3,Basement - Storage,16.81,33.6,1011.99,0.014,93.2,-78,False,v2.2.0-beta
2024-03-04 13:45:00,SENS-D4,Roof - HVAC,55.19,61.6,1013.49,0.0118,93.2,-73,False,v2.2.0-beta
2024-03-04 14:00:00,SENS-A1,Floor 1 - Server Room,22.22,59.7,,0.0188,93.1,-62,False,v2.1.3
2024-03-04 14:15:00,SENS-B2,Floor 2 - Lab,35.35,47.1,1013.17,0.0153,93.1,-61,False,v2.1.3
2024-03-04 14:30:00,SENS-C3,Basement - Storage,19.04,54.7,1017.63,0.0102,93.1,-83,False,v2.2.0-beta
2024-03-04 14:45:00,SENS-D4,Roof - HVAC,54.79,,1013.31,0.0247,93.1,-62,False,v2.1.3
2024-03-04 15:00:00,SENS-A1,Floor 1 - Server Room,21.03,49.9,1003.04,0.0271,93.0,-70,False,v2.1.3
2024-03-04 15:15:00,SENS-B2,Floor 2 - Lab,36.64,59.9,1015.36,0.0194,93.0,-57,False,v2.1.3
2024-03-04 15:30:00,SENS-C3,Basement - Storage,16.03,68.3,1023.25,0.0169,93.0,-66,False,v2.1.3
2024-03-04 15:45:00,SENS-D4,Roof - HVAC,55.7,57.8,1007.27,0.0154,93.0,-76,False,v2.1.3
2024-03-04 16:00:00,SENS-A1,Floor 1 - Server Room,24.33,50.1,1005.8,0.0137,93.0,-66,False,v2.1.3
2024-03-04 16:15:00,SENS-B2,Floor 2 - Lab,35.09,54.5,1015.05,0.006,93.0,-55,False,v2.1.3
2024-03-04 16:30:00,SENS-C3,Basement - Storage,18.77,68.2,1018.05,0.0258,93.0,-69,False,v2.1.3
2024-03-04 16:45:00,SENS-D4,Roof - HVAC,56.61,68.8,1015.11,0.0265,93.0,-60,False,v2.2.0-beta
2024-03-04 17:00:00,SENS-A1,Floor 1 - Server Room,24.22,67.2,1009.54,0.0219,92.9,-48,False,v2.1.3
2024-03-04 17:15:00,SENS-B2,Floor 2 - Lab,36.23,43.7,1017.09,0.016,92.9,-75,False,v2.2.0-beta
2024-03-04 17:30:00,SENS-C3,Basement - Storage,19.19,60.3,1017.97,0.0163,92.9,-57,False,v2.2.0-beta
2024-03-04 17:45:00,SENS-D4,Roof - HVAC,56.27,59.6,1008.88,0.0119,92.9,-54,False,v2.1.3
2024-03-04 18:00:00,SENS-A1,Floor 1 - Server Room,20.54,,1017.5,0.0218,92.8,-72,False,v2.1.3
2024-03-04 18:15:00,SENS-B2,Floor 2 - Lab,35.17,47.3,1018.13,0.0129,92.8,-69,False,v2.1.3
2024-03-04 18:30:00,SENS-C3,Basement - Storage,18.07,79.6,1019.8,0.0192,92.8,-62,False,v2.2.0-beta
2024-03-04 18:45:00,SENS-D4,Roof - HVAC,55.75,52.6,1011.38,0.0303,92.8,-71,False,v2.1.3
2024-03-04 19:00:00,SENS-A1,Floor 1 - Server Room,20.85,53.1,1007.63,0.0246,92.7,-59,False,v2.1.3
2024-03-04 19:15:00,SENS-B2,Floor 2 - Lab,33.12,62.0,1018.16,0.0249,92.7,-48,False,v2.2.0-beta
2024-03-04 19:30:00,SENS-C3,Basement - Storage,16.26,60.5,1010.94,0.0151,92.7,-65,False,v2.1.3
2024-03-04 19:45:00,SENS-D4,Roof - HVAC,54.47,63.5,,0.0279,92.7,-67,False,v2.2.0-beta
2024-03-04 20:00:00,SENS-A1,Floor 1 - Server Room,23.48,33.3,1024.37,0.0209,92.6,-65,False,v2.2.0-beta
2024-03-04 20:15:00,SENS-B2,Floor 2 - Lab,35.31,55.7,1009.71,0.0302,92.6,-76,False,v2.2.0-beta
2024-03-04 20:30:00,SENS-C3,Basement - Storage,15.61,59.5,1013.34,0.0159,92.6,-70,False,v2.2.0-beta
2024-03-04 20:45:00,SENS-D4,Roof - HVAC,57.09,42.0,1004.02,0.0244,92.6,-51,False,v2.1.3
2024-03-04 21:00:00,SENS-A1,Floor 1 - Server Room,22.29,57.5,1019.47,0.0323,92.6,-66,False,v2.1.3
2024-03-04 21:15:00,SENS-B2,Floor 2 - Lab,36.51,46.5,1019.21,0.0271,92.6,-74,False,v2.2.0-beta
2024-03-04 21:30:00,SENS-C3,Basement - Storage,20.07,49.0,1008.32,0.0155,92.6,-77,False,v2.2.0-beta
2024-03-04 21:45:00,SENS-D4,Roof - HVAC,56.03,56.3,1008.18,0.0306,92.6,-62,False,v2.1.3
2024-03-04 22:00:00,SENS-A1,Floor 1 - Server Room,22.89,71.3,1020.12,0.0211,92.5,-62,False,v2.1.3
2024-03-04 22:15:00,SENS-B2,Floor 2 - Lab,34.41,64.7,1012.83,0.0188,92.5,-70,False,v2.1.3
2024-03-04 22:30:00,SENS-C3,Basement - Storage,18.45,58.1,1016.68,0.0228,92.5,-72,False,v2.1.3
2024-03-04 22:45:00,SENS-D4,Roof - HVAC,55.37,47.6,1013.76,0.0237,92.5,-63,False,v2.1.3
2024-03-04 23:00:00,SENS-A1,Floor 1 - Server Room,25.13,66.9,1020.82,0.0229,92.4,-62,False,v2.1.3
2024-03-04 23:15:00,SENS-B2,Floor 2 - Lab,34.74,57.5,1013.5,0.0117,92.4,-59,False,v2.2.0-beta
2024-03-04 23:30:00,SENS-C3,Basement - Storage,19.71,47.7,1020.58,0.0065,92.4,-77,False,v2.1.3
2024-03-04 23:45:00,SENS-D4,Roof - HVAC,54.89,50.7,1013.36,0.0225,92.4,-58,False,v2.1.3
2024-03-05 00:00:00,SENS-A1,Floor 1 - Server Room,19.03,72.6,1010.49,0.0024,92.3,-68,False,v2.1.3
2024-03-05 00:15:00,SENS-B2,Floor 2 - Lab,38.27,61.8,1013.74,0.0383,92.3,-71,False,v2.2.0-beta
2024-03-05 00:30:00,SENS-C3,Basement - Storage,17.25,57.6,1008.97,0.0192,92.3,-51,False,v2.2.0-beta
2024-03-05 00:45:00,SENS-D4,Roof - HVAC,52.92,51.0,1009.63,0.0221,92.3,-64,False,v2.1.3
2024-03-05 01:00:00,SENS-A1,Floor 1 - Server Room,23.48,56.3,1017.3,0.0221,92.2,-69,False,v2.1.3
2024-03-05 01:15:00,SENS-B2,Floor 2 - Lab,37.31,51.5,1022.41,0.0161,92.2,-64,False,v2.1.3
2024-03-05 01:30:00,SENS-C3,Basement - Storage,19.68,44.4,1014.42,0.0255,92.2,-58,False,v2.1.3
2024-03-05 01:45:00,SENS-D4,Roof - HVAC,54.21,56.6,1011.25,0.032,92.2,-60,False,v2.1.3
2024-03-05 02:00:00,SENS-A1,Floor 1 - Server Room,23.49,59.4,1013.57,0.0204,92.2,-67,False,v2.1.3
2024-03-05 02:15:00,SENS-B2,Floor 2 - Lab,35.41,42.3,1023.81,0.0292,92.2,-61,False,v2.1.3
2024-03-05 02:30:00,SENS-C3,Basement - Storage,17.22,50.0,1020.19,0.0142,92.2,-53,False,v2.2.0-beta
2024-03-05 02:45:00,SENS-D4,Roof - HVAC,56.36,65.7,1023.02,0.0339,92.2,-62,False,v2.2.0-beta
2024-03-05 03:00:00,SENS-A1,Floor 1 - Server Room,20.62,53.8,1021.67,0.0187,92.1,-66,False,v2.2.0-beta
2024-03-05 03:15:00,SENS-B2,Floor 2 - Lab,34.41,66.6,1004.93,0.0248,92.1,-67,False,v2.1.3
2024-03-05 03:30:00,SENS-C3,Basement - Storage,19.35,57.1,1009.96,0.0183,92.1,-59,False,v2.1.3
2024-03-05 03:45:00,SENS-D4,Roof - HVAC,53.78,44.0,1009.01,0.0189,92.1,-60,False,v2.1.3
2024-03-05 04:00:00,SENS-A1,Floor 1 - Server Room,23.0,63.1,1015.22,0.049,92.0,-52,False,v2.2.0-beta
2024-03-05 04:15:00,SENS-B2,Floor 2 - Lab,35.94,59.0,1008.37,0.0187,92.0,-68,False,v2.1.3
2024-03-05 04:30:00,SENS-C3,Basement - Storage,35.36,44.5,1018.2,0.3134,92.0,-52,True,v2.2.0-beta
2024-03-05 04:45:00,SENS-D4,Roof - HVAC,55.37,67.7,1007.24,0.0296,92.0,-49,False,v2.2.0-beta
2024-03-05 05:00:00,SENS-A1,Floor 1 - Server Room,20.52,59.5,1016.17,0.0116,91.9,-72,False,v2.2.0-beta
2024-03-05 05:15:00,SENS-B2,Floor 2 - Lab,35.99,63.8,1012.96,0.0269,91.9,-48,False,v2.1.3
2024-03-05 05:30:00,SENS-C3,Basement - Storage,16.07,58.0,1013.47,0.027,91.9,-69,False,v2.2.0-beta
2024-03-05 05:45:00,SENS-D4,Roof - HVAC,56.43,60.1,1016.86,0.0125,91.9,-70,False,v2.1.3
2024-03-05 06:00:00,SENS-A1,Floor 1 - Server Room,23.23,,1013.19,0.0182,91.8,-69,False,v2.1.3
2024-03-05 06:15:00,SENS-B2,Floor 2 - Lab,32.1,55.7,1010.87,0.0275,91.8,-67,False,v2.1.3
2024-03-05 06:30:00,SENS-C3,Basement - Storage,18.79,53.4,1022.86,0.0158,91.8,-56,False,v2.1.3
2024-03-05 06:45:00,SENS-D4,Roof - HVAC,56.02,43.6,1005.55,0.017,91.8,-57,False,v2.1.3
2024-03-05 07:00:00,SENS-A1,Floor 1 - Server Room,24.04,55.4,1012.75,0.0307,91.8,-79,False,v2.2.0-beta
2024-03-05 07:15:00,SENS-B2,Floor 2 - Lab,36.43,,1017.77,0.0255,91.8,-63,False,v2.1.3
2024-03-05 07:30:00,SENS-C3,Basement - Storage,18.69,,1016.52,0.0149,91.8,-73,False,v2.2.0-beta
2024-03-05 07:45:00,SENS-D4,Roof - HVAC,56.33,52.9,1019.68,0.028,91.8,-66,False,v2.1.3
2024-03-05 08:00:00,SENS-A1,Floor 1 - Server Room,23.54,71.6,1010.37,0.023,91.7,-77,False,v2.1.3
2024-03-05 08:15:00,SENS-B2,Floor 2 - Lab,37.58,57.4,1007.5,0.0264,91.7,-47,False,v2.2.0-beta
2024-03-05 08:30:00,SENS-C3,Basement - Storage,17.08,46.5,1012.71,0.0344,91.7,-52,False,v2.1.3
2024-03-05 08:45:00,SENS-D4,Roof - HVAC,54.17,70.4,1012.97,0.0123,91.7,-50,False,v2.1.3
2024-03-05 09:00:00,SENS-A1,Floor 1 - Server Room,20.77,77.7,1017.89,0.0181,91.6,-67,False,v2.2.0-beta
2024-03-05 09:15:00,SENS-B2,Floor 2 - Lab,35.51,43.8,1011.7,0.023,91.6,-53,False,v2.1.3
2024-03-05 09:30:00,SENS-C3,Basement - Storage,17.73,58.2,1009.37,0.0258,91.6,-61,False,v2.1.3
2024-03-05 09:45:00,SENS-D4,Roof - HVAC,53.74,44.8,1004.47,0.006,91.6,-65,False,v2.1.3
2024-03-05 10:00:00,SENS-A1,Floor 1 - Server Room,19.97,35.1,1006.53,0.0085,91.5,-50,False,v2.1.3
2024-03-05 10:15:00,SENS-B2,Floor 2 - Lab,35.12,55.1,1014.47,0.0154,91.5,-72,False,v2.1.3
2024-03-05 10:30:00,SENS-C3,Basement - Storage,18.1,72.2,1008.22,0.0089,91.5,-62,False,v2.1.3
2024-03-05 10:45:00,SENS-D4,Roof - HVAC,54.0,66.2,1007.41,0.0322,91.5,-65,False,v2.1.3
2024-03-05 11:00:00,SENS-A1,Floor 1 - Server Room,22.22,37.4,1012.51,0.0225,91.4,-62,False,v2.2.0-beta
2024-03-05 11:15:00,SENS-B2,Floor 2 - Lab,36.56,64.5,1021.26,0.025,91.4,-63,False,v2.1.3
2024-03-05 11:30:00,SENS-C3,Basement - Storage,15.89,48.7,1002.77,0.0258,91.4,-58,False,v2.1.3
2024-03-05 11:45:00,SENS-D4,Roof - HVAC,54.77,,1001.8,0.0303,91.4,-64,False,v2.1.3
2024-03-05 12:00:00,SENS-A1,Floor 1 - Server Room,20.7,51.6,1008.67,0.0295,91.4,-67,False,v2.1.3
2024-03-05 12:15:00,SENS-B2,Floor 2 - Lab,36.81,59.3,1012.69,0.0214,91.4,-59,False,v2.1.3
2024-03-05 12:30:00,SENS-C3,Basement - Storage,18.31,39.9,1009.52,0.0063,91.4,-61,False,v2.1.3
2024-03-05 12:45:00,SENS-D4,Roof - HVAC,53.83,59.7,1005.57,0.0236,91.4,-62,False,v2.1.3
2024-03-05 13:00:00,SENS-A1,Floor 1 - Server Room,22.91,54.8,1006.73,0.033,91.3,-75,False,v2.1.3
2024-03-05 13:15:00,SENS-B2,Floor 2 - Lab,36.41,58.2,1008.94,0.0165,91.3,-74,False,v2.1.3
2024-03-05 13:30:00,SENS-C3,Basement - Storage,17.2,62.5,1019.44,0.0255,91.3,-78,False,v2.1.3
2024-03-05 13:45:00,SENS-D4,Roof - HVAC,53.01,47.4,1011.01,0.0304,91.3,-59,False,v2.1.3
2024-03-05 14:00:00,SENS-A1,Floor 1 - Server Room,21.13,69.0,1010.34,0.0085,91.2,-74,False,v2.1.3
2024-03-05 14:15:00,SENS-B2,Floor 2 - Lab,35.81,49.2,1014.94,0.0126,91.2,-62,False,v2.1.3
2024-03-05 14:30:00,SENS-C3,Basement - Storage,16.6,38.6,1009.55,0.026,91.2,-60,False,v2.1.3
2024-03-05 14:45:00,SENS-D4,Roof - HVAC,56.37,59.8,1017.91,0.0103,91.2,-65,False,v2.2.0-beta
2024-03-05 15:00:00,SENS-A1,Floor 1 - Server Room,21.8,56.1,1011.99,0.0181,91.1,-62,False,v2.1.3
2024-03-05 15:15:00,SENS-B2,Floor 2 - Lab,34.53,66.9,1010.11,0.0281,91.1,-67,False,v2.1.3
2024-03-05 15:30:00,SENS-C3,Basement - Storage,19.31,56.8,1008.26,0.0129,91.1,-54,False,v2.2.0-beta
2024-03-05 15:45:00,SENS-D4,Roof - HVAC,53.8,41.0,1015.98,0.024,91.1,-62,False,v2.1.3
2024-03-05 16:00:00,SENS-A1,Floor 1 - Server Room,22.87,44.1,1001.47,0.0131,91.0,-54,False,v2.1.3
2024-03-05 16:15:00,SENS-B2,Floor 2 - Lab,34.64,64.0,1014.94,0.0233,91.0,-72,False,v2.1.3
2024-03-05 16:30:00,SENS-C3,Basement - Storage,15.51,49.3,1013.54,0.026,91.0,-70,False,v2.1.3
2024-03-05 16:45:00,SENS-D4,Roof - HVAC,56.06,,1012.12,0.0187,91.0,-71,False,v2.1.3
2024-03-05 17:00:00,SENS-A1,Floor 1 - Server Room,22.22,59.0,1015.24,0.0157,91.0,-69,False,v2.1.3
2024-03-05 17:15:00,SENS-B2,Floor 2 - Lab,34.79,66.5,1008.28,0.0273,91.0,-74,False,v2.1.3
2024-03-05 17:30:00,SENS-C3,Basement - Storage,17.34,64.2,1012.25,0.0164,91.0,-52,False,v2.1.3
2024-03-05 17:45:00,SENS-D4,Roof - HVAC,57.31,62.9,1003.03,0.0211,91.0,-60,False,v2.1.3
2024-03-05 18:00:00,SENS-A1,Floor 1 - Server Room,21.9,38.8,1004.01,0.021,90.9,-72,False,v2.1.3
2024-03-05 18:15:00,SENS-B2,Floor 2 - Lab,35.03,57.5,1007.99,0.0163,90.9,-72,False,v2.1.3
2024-03-05 18:30:00,SENS-C3,Basement - Storage,19.18,64.1,1013.04,0.0201,90.9,-74,False,v2.1.3
2024-03-05 18:45:00,SENS-D4,Roof - HVAC,53.83,,1015.62,0.0198,90.9,-58,False,v2.1.3
2024-03-05 19:00:00,SENS-A1,Floor 1 - Server Room,23.47,65.6,1012.96,0.0103,90.8,-59,False,v2.1.3
2024-03-05 19:15:00,SENS-B2,Floor 2 - Lab,35.72,41.7,1005.39,0.0234,90.8,-58,False,v2.1.3
2024-03-05 19:30:00,SENS-C3,Basement - Storage,18.2,72.3,1012.3,0.0308,90.8,-75,False,v2.1.3
2024-03-05 19:45:00,SENS-D4,Roof - HVAC,56.25,53.9,1015.05,0.0189,90.8,-69,False,v2.1.3
2024-03-05 20:00:00,SENS-A1,Floor 1 - Server Room,25.02,60.8,1016.82,0.0096,90.7,-60,False,v2.1.3
2024-03-05 20:15:00,SENS-B2,Floor 2 - Lab,34.56,55.3,1018.1,0.0256,90.7,-60,False,v2.1.3
2024-03-05 20:30:00,SENS-C3,Basement - Storage,17.29,60.6,1019.45,0.022,90.7,-56,False,v2.1.3
2024-03-05 20:45:00,SENS-D4,Roof - HVAC,53.48,52.7,1006.23,0.0227,90.7,-49,False,v2.1.3
2024-03-05 21:00:00,SENS-A1,Floor 1 - Server Room,20.61,42.5,1021.42,0.0192,90.6,-77,False,v2.2.0-beta
2024-03-05 21:15:00,SENS-B2,Floor 2 - Lab,35.35,49.3,1014.64,0.0272,90.6,-63,False,v2.1.3
2024-03-05 21:30:00,SENS-C3,Basement - Storage,18.75,29.4,1017.97,0.0154,90.6,-74,False,v2.1.3
2024-03-05 21:45:00,SENS-D4,Roof - HVAC,57.0,60.5,1015.38,0.0277,90.6,-64,False,v2.1.3
2024-03-05 22:00:00,SENS-A1,Floor 1 - Server Room,20.07,42.6,1011.96,0.0258,90.6,-59,False,v2.1.3
2024-03-05 22:15:00,SENS-B2,Floor 2 - Lab,36.67,51.2,1014.83,0.0233,90.6,-57,False,v2.1.3
2024-03-05 22:30:00,SENS-C3,Basement - Storage,17.15,41.1,1004.92,0.02,90.6,-67,False,v2.2.0-beta
2024-03-05 22:45:00,SENS-D4,Roof - HVAC,55.56,55.9,1008.37,0.0217,90.6,-74,False,v2.2.0-beta
2024-03-05 23:00:00,SENS-A1,Floor 1 - Server Room,22.18,59.4,1003.85,0.0157,90.5,-60,False,v2.1.3
2024-03-05 23:15:00,SENS-B2,Floor 2 - Lab,35.46,58.0,1020.39,0.0159,90.5,-84,False,v2.1.3
2024-03-05 23:30:00,SENS-C3,Basement - Storage,17.56,64.5,1008.96,0.0263,90.5,-68,False,v2.1.3
2024-03-05 23:45:00,SENS-D4,Roof - HVAC,57.17,58.5,1008.38,0.0255,90.5,-61,False,v2.1.3
2024-03-06 00:00:00,SENS-A1,Floor 1 - Server Room,21.7,61.9,1000.98,0.0056,90.4,-59,False,v2.1.3
2024-03-06 00:15:00,SENS-B2,Floor 2 - Lab,34.96,60.4,1009.09,0.0043,90.4,-49,False,v2.2.0-beta
2024-03-06 00:30:00,SENS-C3,Basement - Storage,18.94,51.9,,0.0156,90.4,-73,False,v2.1.3
2024-03-06 00:45:00,SENS-D4,Roof - HVAC,54.56,49.2,1015.33,0.0275,90.4,-76,False,v2.1.3
2024-03-06 01:00:00,SENS-A1,Floor 1 - Server Room,22.43,39.6,1015.58,0.0187,90.3,-58,False,v2.1.3
2024-03-06 01:15:00,SENS-B2,Floor 2 - Lab,35.98,54.4,1014.72,0.0193,90.3,-57,False,v2.1.3
2024-03-06 01:30:00,SENS-C3,Basement - Storage,19.43,60.4,1015.27,0.0234,90.3,-55,False,v2.2.0-beta
2024-03-06 01:45:00,SENS-D4,Roof - HVAC,55.24,49.3,1005.12,0.031,90.3,-68,False,v2.2.0-beta
2024-03-06 02:00:00,SENS-A1,Floor 1 - Server Room,19.61,52.4,1016.39,0.0117,90.2,-56,False,v2.2.0-beta
2024-03-06 02:15:00,SENS-B2,Floor 2 - Lab,34.28,52.6,1012.05,0.0285,90.2,-51,False,v2.1.3
2024-03-06 02:30:00,SENS-C3,Basement - Storage,16.53,52.1,1010.58,0.0271,90.2,-73,False,v2.1.3
2024-03-06 02:45:00,SENS-D4,Roof - HVAC,53.49,44.4,1015.64,0.0118,90.2,-73,False,v2.2.0-beta
2024-03-06 03:00:00,SENS-A1,Floor 1 - Server Room,22.43,51.6,1005.38,0.0282,90.2,-50,False,v2.2.0-beta
2024-03-06 03:15:00,SENS-B2,Floor 2 - Lab,34.71,61.8,1005.73,0.0201,90.2,-68,False,v2.1.3
2024-03-06 03:30:00,SENS-C3,Basement - Storage,16.08,56.0,1019.14,0.0245,90.2,-68,False,v2.1.3
2024-03-06 03:45:00,SENS-D4,Roof - HVAC,53.14,33.5,1021.93,0.0212,90.2,-62,False,v2.1.3
2024-03-06 04:00:00,SENS-A1,Floor 1 - Server Room,20.42,55.0,1010.02,0.0202,90.1,-76,False,v2.1.3
2024-03-06 04:15:00,SENS-B2,Floor 2 - Lab,37.23,50.5,1014.45,0.0217,90.1,-67,False,v2.1.3
2024-03-06 04:30:00,SENS-C3,Basement - Storage,15.79,47.1,1020.59,0.0234,90.1,-70,False,v2.1.3
2024-03-06 04:45:00,SENS-D4,Roof - HVAC,53.2,43.0,1019.5,0.0127,90.1,-65,False,v2.1.3
2024-03-06 05:00:00,SENS-A1,Floor 1 - Server Room,20.58,34.8,1004.25,0.0155,90.0,-59,False,v2.1.3
2024-03-06 05:15:00,SENS-B2,Floor 2 - Lab,35.49,60.4,1016.74,0.0271,90.0,-66,False,v2.1.3
2024-03-06 05:30:00,SENS-C3,Basement - Storage,16.64,73.5,1020.74,0.0253,90.0,-65,False,v2.2.0-beta
2024-03-06 05:45:00,SENS-D4,Roof - HVAC,56.75,72.4,1006.77,0.0298,90.0,-57,False,v2.1.3
2024-03-06 06:00:00,SENS-A1,Floor 1 - Server Room,23.35,63.6,1013.96,0.0307,89.9,-61,False,v2.1.3
2024-03-06 06:15:00,SENS-B2,Floor 2 - Lab,37.99,53.2,,0.0094,89.9,-56,False,v2.2.0-beta
2024-03-06 06:30:00,SENS-C3,Basement - Storage,16.51,48.0,1012.54,0.0062,89.9,-75,False,v2.1.3
2024-03-06 06:45:00,SENS-D4,Roof - HVAC,55.96,64.7,1008.8,0.009,89.9,-62,False,v2.1.3
2024-03-06 07:00:00,SENS-A1,Floor 1 - Server Room,21.51,44.4,1006.33,0.0073,89.8,-57,False,v2.1.3
2024-03-06 07:15:00,SENS-B2,Floor 2 - Lab,34.8,61.2,1014.63,0.0288,89.8,-67,False,v2.2.0-beta
2024-03-06 07:30:00,SENS-C3,Basement - Storage,17.73,50.2,1008.92,0.0096,89.8,-63,False,v2.1.3
2024-03-06 07:45:00,SENS-D4,Roof - HVAC,55.72,45.1,1006.77,0.0233,89.8,-66,False,v2.1.3
2024-03-06 08:00:00,SENS-A1,Floor 1 - Server Room,22.2,51.7,1011.52,0.0147,89.8,-65,False,v2.1.3
2024-03-06 08:15:00,SENS-B2,Floor 2 - Lab,35.74,49.9,1009.78,0.0192,89.8,-58,False,v2.1.3
2024-03-06 08:30:00,SENS-C3,Basement - Storage,20.44,79.0,1020.79,0.0224,89.8,-73,False,v2.1.3
2024-03-06 08:45:00,SENS-D4,Roof - HVAC,56.71,46.4,1014.98,0.0228,89.8,-67,False,v2.1.3
2024-03-06 09:00:00,SENS-A1,Floor 1 - Server Room,23.54,53.7,1012.22,0.0309,89.7,-70,False,v2.1.3
2024-03-06 09:15:00,SENS-B2,Floor 2 - Lab,35.53,64.0,1009.87,0.0136,89.7,-51,False,v2.1.3
2024-03-06 09:30:00,SENS-C3,Basement - Storage,17.16,42.2,1003.93,0.0192,89.7,-53,False,v2.1.3
2024-03-06 09:45:00,SENS-D4,Roof - HVAC,53.49,49.5,1009.83,0.0173,89.7,-59,False,v2.1.3
2024-03-06 10:00:00,SENS-A1,Floor 1 - Server Room,25.67,60.5,1013.5,0.0278,89.6,-57,False,v2.1.3
2024-03-06 10:15:00,SENS-B2,Floor 2 - Lab,34.89,57.1,1006.84,0.021,89.6,-55,False,v2.1.3
2024-03-06 10:30:00,SENS-C3,Basement - Storage,16.68,,1013.44,0.009,89.6,-63,False,v2.1.3
2024-03-06 10:45:00,SENS-D4,Roof - HVAC,57.65,52.3,1020.18,0.0203,89.6,-64,False,v2.1.3
2024-03-06 11:00:00,SENS-A1,Floor 1 - Server Room,21.88,61.5,1015.83,0.0087,89.5,-64,False,v2.1.3
2024-03-06 11:15:00,SENS-B2,Floor 2 - Lab,36.52,75.1,1020.78,0.0116,89.5,-66,False,v2.2.0-beta
2024-03-06 11:30:00,SENS-C3,Basement - Storage,18.23,45.6,1012.28,0.0264,89.5,-46,False,v2.1.3
2024-03-06 11:45:00,SENS-D4,Roof - HVAC,53.75,,1017.8,0.0242,89.5,-50,False,v2.1.3
2024-03-06 12:00:00,SENS-A1,Floor 1 - Server Room,24.9,51.8,1005.42,0.006,89.4,-77,False,v2.2.0-beta
2024-03-06 12:15:00,SENS-B2,Floor 2 - Lab,33.55,66.1,1004.91,0.0201,89.4,-56,False,v2.2.0-beta
2024-03-06 12:30:00,SENS-C3,Basement - Storage,17.79,61.7,1005.55,0.0109,89.4,-65,False,v2.1.3
2024-03-06 12:45:00,SENS-D4,Roof - HVAC,55.77,71.9,1013.49,0.0222,89.4,-71,False,v2.2.0-beta
2024-03-06 13:00:00,SENS-A1,Floor 1 - Server Room,22.28,62.8,1011.5,0.0326,89.4,-73,False,v2.2.0-beta
2024-03-06 13:15:00,SENS-B2,Floor 2 - Lab,35.34,43.3,1009.6,0.0199,89.4,-63,False,v2.1.3
2024-03-06 13:30:00,SENS-C3,Basement - Storage,20.09,40.6,1011.77,0.0211,89.4,-62,False,v2.1.3
2024-03-06 13:45:00,SENS-D4,Roof - HVAC,54.66,57.3,1009.54,0.0321,89.4,-68,False,v2.2.0-beta
2024-03-06 14:00:00,SENS-A1,Floor 1 - Server Room,20.6,56.2,1009.21,0.0229,89.3,-66,False,v2.1.3
2024-03-06 14:15:00,SENS-B2,Floor 2 - Lab,33.94,51.2,1008.72,0.0167,89.3,-70,False,v2.1.3
2024-03-06 14:30:00,SENS-C3,Basement - Storage,17.78,61.7,1019.96,0.0176,89.3,-66,False,v2.1.3
2024-03-06 14:45:00,SENS-D4,Roof - HVAC,54.97,45.2,1023.04,0.0115,89.3,-76,False,v2.1.3
2024-03-06 15:00:00,SENS-A1,Floor 1 - Server Room,20.71,55.8,1018.44,0.0295,89.2,-62,False,v2.2.0-beta
2024-03-06 15:15:00,SENS-B2,Floor 2 - Lab,33.96,61.1,1007.84,0.0235,89.2,-58,False,v2.1.3
2024-03-06 15:30:00,SENS-C3,Basement - Storage,18.75,47.6,1020.77,0.0185,89.2,-67,False,v2.1.3
2024-03-06 15:45:00,SENS-D4,Roof - HVAC,53.32,55.7,1003.07,0.0121,89.2,-41,False,v2.1.3
2024-03-06 16:00:00,SENS-A1,Floor 1 - Server Room,20.77,54.1,1013.54,0.0333,89.1,-67,False,v2.1.3
2024-03-06 16:15:00,SENS-B2,Floor 2 - Lab,34.63,57.9,1021.09,0.0318,89.1,-58,False,v2.2.0-beta
2024-03-06 16:30:00,SENS-C3,Basement - Storage,17.49,,1015.76,0.0092,89.1,-51,False,v2.1.3
2024-03-06 16:45:00,SENS-D4,Roof - HVAC,53.58,73.0,1007.26,0.0126,89.1,-64,False,v2.1.3
2024-03-06 17:00:00,SENS-A1,Floor 1 - Server Room,20.82,61.7,1016.37,0.0217,89.0,-67,False,v2.1.3
2024-03-06 17:15:00,SENS-B2,Floor 2 - Lab,34.56,40.7,1018.24,0.0106,89.0,-55,False,v2.1.3
2024-03-06 17:30:00,SENS-C3,Basement - Storage,17.61,49.9,1014.18,0.0285,89.0,-55,False,v2.2.0-beta
2024-03-06 17:45:00,SENS-D4,Roof - HVAC,52.29,69.1,1006.84,0.0251,89.0,-69,False,v2.2.0-beta
2024-03-06 18:00:00,SENS-A1,Floor 1 - Server Room,22.72,64.1,1015.71,0.0245,89.0,-68,False,v2.2.0-beta
2024-03-06 18:15:00,SENS-B2,Floor 2 - Lab,33.81,58.1,1009.64,0.0062,89.0,-64,False,v2.1.3
2024-03-06 18:30:00,SENS-C3,Basement - Storage,15.9,35.7,1017.45,0.0093,89.0,-60,False,v2.1.3
2024-03-06 18:45:00,SENS-D4,Roof - HVAC,57.32,69.5,1006.26,0.0336,89.0,-68,False,v2.2.0-beta
2024-03-06 19:00:00,SENS-A1,Floor 1 - Server Room,21.77,62.7,1020.64,0.0363,88.9,-55,False,v2.1.3
2024-03-06 19:15:00,SENS-B2,Floor 2 - Lab,36.48,56.3,1015.29,0.0163,88.9,-56,False,v2.1.3
2024-03-06 19:30:00,SENS-C3,Basement - Storage,17.63,52.6,1021.04,0.0226,88.9,-56,False,v2.2.0-beta
2024-03-06 19:45:00,SENS-D4,Roof - HVAC,55.32,47.6,1017.9,0.0203,88.9,-58,False,v2.1.3
2024-03-06 20:00:00,SENS-A1,Floor 1 - Server Room,21.11,46.3,1013.56,0.0398,88.8,-59,False,v2.1.3
2024-03-06 20:15:00,SENS-B2,Floor 2 - Lab,36.63,39.9,1005.09,0.0194,88.8,-66,False,v2.1.3
2024-03-06 20:30:00,SENS-C3,Basement - Storage,19.2,44.7,1014.8,0.0213,88.8,-53,False,v2.2.0-beta
2024-03-06 20:45:00,SENS-D4,Roof - HVAC,54.86,67.0,1016.43,0.0209,88.8,-74,False,v2.1.3
2024-03-06 21:00:00,SENS-A1,Floor 1 - Server Room,22.64,54.8,1021.62,0.03,88.7,-82,False,v2.2.0-beta
2024-03-06 21:15:00,SENS-B2,Floor 2 - Lab,36.61,47.3,1015.18,0.017,88.7,-56,False,v2.2.0-beta
2024-03-06 21:30:00,SENS-C3,Basement - Storage,15.78,54.0,1012.18,0.0287,88.7,-73,False,v2.2.0-beta
2024-03-06 21:45:00,SENS-D4,Roof - HVAC,52.87,49.6,1012.42,0.0101,88.7,-73,False,v2.1.3
2024-03-06 22:00:00,SENS-A1,Floor 1 - Server Room,23.97,53.2,1020.38,0.0212,88.6,-68,False,v2.1.3
2024-03-06 22:15:00,SENS-B2,Floor 2 - Lab,33.31,53.4,,0.0233,88.6,-57,False,v2.1.3
2024-03-06 22:30:00,SENS-C3,Basement - Storage,19.19,42.2,1009.5,0.0141,88.6,-62,False,v2.1.3
2024-03-06 22:45:00,SENS-D4,Roof - HVAC,55.19,45.5,1012.28,0.0175,88.6,-58,False,v2.1.3
2024-03-06 23:00:00,SENS-A1,Floor 1 - Server Room,21.95,71.3,1010.22,0.02,88.6,-64,False,v2.1.3
2024-03-06 23:15:00,SENS-B2,Floor 2 - Lab,35.4,48.6,1010.74,0.037,88.6,-63,False,v2.1.3
2024-03-06 23:30:00,SENS-C3,Basement - Storage,18.35,43.8,1013.97,0.0274,88.6,-70,False,v2.2.0-beta
2024-03-06 23:45:00,SENS-D4,Roof - HVAC,52.71,35.5,1019.14,0.026,88.6,-71,False,v2.1.3
2024-03-07 00:00:00,SENS-A1,Floor 1 - Server Room,22.52,53.1,1012.95,0.0191,88.5,-67,False,v2.2.0-beta
2024-03-07 00:15:00,SENS-B2,Floor 2 - Lab,39.09,56.7,1007.13,0.0248,88.5,-62,False,v2.1.3
2024-03-07 00:30:00,SENS-C3,Basement - Storage,16.5,43.3,1006.48,0.0208,88.5,-75,False,v2.1.3
2024-03-07 00:45:00,SENS-D4,Roof - HVAC,53.13,50.9,1006.02,0.0376,88.5,-67,False,v2.2.0-beta
2024-03-07 01:00:00,SENS-A1,Floor 1 - Server Room,20.68,70.9,1020.42,0.0018,88.4,-64,False,v2.1.3
2024-03-07 01:15:00,SENS-B2,Floor 2 - Lab,34.56,59.2,1012.45,0.0218,88.4,-55,False,v2.1.3
2024-03-07 01:30:00,SENS-C3,Basement - Storage,17.48,23.8,1015.03,0.0193,88.4,-65,False,v2.1.3
2024-03-07 01:45:00,SENS-D4,Roof - HVAC,57.34,52.8,1015.95,0.0139,88.4,-80,False,v2.1.3
2024-03-07 02:00:00,SENS-A1,Floor 1 - Server Room,24.88,52.3,1017.64,0.009,88.3,-68,False,v2.1.3
2024-03-07 02:15:00,SENS-B2,Floor 2 - Lab,37.06,46.5,1027.84,0.0177,88.3,-57,False,v2.1.3
2024-03-07 02:30:00,SENS-C3,Basement - Storage,16.11,,1017.45,0.0179,88.3,-65,False,v2.2.0-beta
2024-03-07 02:45:00,SENS-D4,Roof - HVAC,55.2,40.4,1011.72,0.022,88.3,-63,False,v2.1.3
2024-03-07 03:00:00,SENS-A1,Floor 1 - Server Room,21.04,49.4,1013.75,0.013,88.2,-77,False,v2.1.3
2024-03-07 03:15:00,SENS-B2,Floor 2 - Lab,36.53,45.5,1022.52,0.0275,88.2,-58,False,v2.1.3
2024-03-07 03:30:00,SENS-C3,Basement - Storage,20.24,73.3,1017.48,0.0116,88.2,-66,False,v2.1.3
2024-03-07 03:45:00,SENS-D4,Roof - HVAC,55.58,81.4,1015.17,0.0316,88.2,-71,False,v2.1.3
2024-03-07 04:00:00,SENS-A1,Floor 1 - Server Room,25.17,57.3,1020.68,0.0099,88.2,-61,False,v2.1.3
2024-03-07 04:15:00,SENS-B2,Floor 2 - Lab,36.46,50.4,1014.81,0.0282,88.2,-81,False,v2.2.0-beta
2024-03-07 04:30:00,SENS-C3,Basement - Storage,16.68,66.2,1017.43,0.0323,88.2,-68,False,v2.1.3
2024-03-07 04:45:00,SENS-D4,Roof - HVAC,55.57,47.1,,0.0239,88.2,-76,False,v2.1.3
2024-03-07 05:00:00,SENS-A1,Floor 1 - Server Room,23.73,68.8,1005.38,0.006,88.1,-64,False,v2.2.0-beta
2024-03-07 05:15:00,SENS-B2,Floor 2 - Lab,33.6,61.4,1014.27,0.0215,88.1,-63,False,v2.1.3
2024-03-07 05:30:00,SENS-C3,Basement - Storage,16.07,50.0,1012.89,0.0139,88.1,-57,False,v2.1.3
2024-03-07 05:45:00,SENS-D4,Roof - HVAC,56.43,53.2,1016.33,0.0195,88.1,-67,False,v2.1.3
2024-03-07 06:00:00,SENS-A1,Floor 1 - Server Room,21.77,,1009.18,0.0129,88.0,-65,False,v2.1.3
2024-03-07 06:15:00,SENS-B2,Floor 2 - Lab,35.85,54.2,1018.44,0.0157,88.0,-59,False,v2.2.0-beta
2024-03-07 06:30:00,SENS-C3,Basement - Storage,17.28,,1008.94,0.0307,88.0,-79,False,v2.1.3
2024-03-07 06:45:00,SENS-D4,Roof - HVAC,79.01,31.4,1018.3,0.2488,88.0,-62,True,v2.1.3
2024-03-07 07:00:00,SENS-A1,Floor 1 - Server Room,22.35,67.6,1002.03,0.0165,87.9,-72,False,v2.1.3
2024-03-07 07:15:00,SENS-B2,Floor 2 - Lab,37.4,63.9,1015.48,0.028,87.9,-67,False,v2.1.3
2024-03-07 07:30:00,SENS-C3,Basement - Storage,21.5,34.3,,0.0047,87.9,-67,False,v2.1.3
2024-03-07 07:45:00,SENS-D4,Roof - HVAC,57.78,49.5,1008.56,0.0299,87.9,-74,False,v2.1.3
2024-03-07 08:00:00,SENS-A1,Floor 1 - Server Room,22.2,59.9,1012.55,0.0139,87.8,-57,False,v2.1.3
2024-03-07 08:15:00,SENS-B2,Floor 2 - Lab,35.42,32.2,1008.72,0.0138,87.8,-67,False,v2.1.3
2024-03-07 08:30:00,SENS-C3,Basement - Storage,16.13,58.2,1017.78,0.0222,87.8,-64,False,v2.1.3
2024-03-07 08:45:00,SENS-D4,Roof - HVAC,56.41,64.9,1011.89,0.0206,87.8,-62,False,v2.1.3
2024-03-07 09:00:00,SENS-A1,Floor 1 - Server Room,21.18,46.6,1019.62,0.0205,87.8,-74,False,v2.2.0-beta
2024-03-07 09:15:00,SENS-B2,Floor 2 - Lab,36.69,59.6,1009.38,0.0183,87.8,-69,False,v2.1.3
2024-03-07 09:30:00,SENS-C3,Basement - Storage,18.61,50.8,1019.85,0.0129,87.8,-60,False,v2.1.3
2024-03-07 09:45:00,SENS-D4,Roof - HVAC,55.68,53.0,1014.29,0.0277,87.8,-70,False,v2.2.0-beta
2024-03-07 10:00:00,SENS-A1,Floor 1 - Server Room,20.47,56.0,1012.28,0.02,87.7,-63,False,v2.1.3
2024-03-07 10:15:00,SENS-B2,Floor 2 - Lab,34.5,53.7,1006.75,0.0244,87.7,-72,False,v2.1.3
2024-03-07 10:30:00,SENS-C3,Basement - Storage,19.49,60.6,1019.31,0.0127,87.7,-59,False,v2.2.0-beta
2024-03-07 10:45:00,SENS-D4,Roof - HVAC,56.49,52.6,1021.01,0.0233,87.7,-65,False,v2.1.3
2024-03-07 11:00:00,SENS-A1,Floor 1 - Server Room,23.46,53.2,1021.98,0.008,87.6,-55,False,v2.1.3
2024-03-07 11:15:00,SENS-B2,Floor 2 - Lab,37.21,58.4,1006.52,0.0136,87.6,-61,False,v2.1.3
2024-03-07 11:30:00,SENS-C3,Basement - Storage,19.27,59.1,1010.53,0.0146,87.6,-73,False,v2.1.3
2024-03-07 11:45:00,SENS-D4,Roof - HVAC,54.71,57.7,1012.42,0.0271,87.6,-67,False,v2.1.3
2024-03-07 12:00:00,SENS-A1,Floor 1 - Server Room,21.22,59.0,1021.45,0.0232,87.5,-68,False,v2.1.3
2024-03-07 12:15:00,SENS-B2,Floor 2 - Lab,34.79,62.5,1018.06,0.0208,87.5,-79,False,v2.1.3
2024-03-07 12:30:00,SENS-C3,Basement - Storage,16.47,56.3,1019.96,0.0234,87.5,-71,False,v2.1.3
2024-03-07 12:45:00,SENS-D4,Roof - HVAC,51.49,,1022.03,0.0222,87.5,-58,False,v2.1.3
2024-03-07 13:00:00,SENS-A1,Floor 1 - Server Room,23.11,47.2,1013.7,0.0342,87.4,-65,False,v2.1.3
2024-03-07 13:15:00,SENS-B2,Floor 2 - Lab,34.8,51.3,1016.79,0.0254,87.4,-70,False,v2.1.3
2024-03-07 13:30:00,SENS-C3,Basement - Storage,16.79,47.9,1020.39,0.0054,87.4,-67,False,v2.1.3
2024-03-07 13:45:00,SENS-D4,Roof - HVAC,53.33,43.5,1007.22,0.0102,87.4,-57,False,v2.1.3
2024-03-07 14:00:00,SENS-A1,Floor 1 - Server Room,23.8,64.5,1010.98,0.0056,87.4,-73,False,v2.1.3
2024-03-07 14:15:00,SENS-B2,Floor 2 - Lab,33.88,54.5,1010.2,0.0342,87.4,-56,False,v2.1.3
2024-03-07 14:30:00,SENS-C3,Basement - Storage,15.21,48.0,1010.71,0.0122,87.4,-61,False,v2.1.3
2024-03-07 14:45:00,SENS-D4,Roof - HVAC,55.47,48.9,1015.0,0.0137,87.4,-70,False,v2.2.0-beta
2024-03-07 15:00:00,SENS-A1,Floor 1 - Server Room,23.92,55.2,1013.43,0.0183,87.3,-73,False,v2.1.3
2024-03-07 15:15:00,SENS-B2,Floor 2 - Lab,32.75,52.1,1012.11,0.0123,87.3,-64,False,v2.1.3
2024-03-07 15:30:00,SENS-C3,Basement - Storage,17.19,71.9,1010.86,0.0171,87.3,-55,False,v2.1.3
2024-03-07 15:45:00,SENS-D4,Roof - HVAC,53.97,40.2,1012.31,0.0205,87.3,-51,False,v2.1.3
2024-03-07 16:00:00,SENS-A1,Floor 1 - Server Room,20.51,58.9,1010.07,0.0248,87.2,-69,False,v2.1.3
2024-03-07 16:15:00,SENS-B2,Floor 2 - Lab,36.47,45.7,1006.94,0.0156,87.2,-70,False,v2.2.0-beta
2024-03-07 16:30:00,SENS-C3,Basement - Storage,17.62,51.1,1018.97,0.0089,87.2,-54,False,v2.1.3
2024-03-07 16:45:00,SENS-D4,Roof - HVAC,55.03,30.9,1014.25,0.0177,87.2,-71,False,v2.2.0-beta
2024-03-07 17:00:00,SENS-A1,Floor 1 - Server Room,17.3,61.7,1012.01,0.0167,87.1,-80,False,v2.1.3
2024-03-07 17:15:00,SENS-B2,Floor 2 - Lab,36.2,49.1,1010.68,0.0123,87.1,-77,False,v2.2.0-beta
2024-03-07 17:30:00,SENS-C3,Basement - Storage,18.93,61.9,1004.78,0.0353,87.1,-63,False,v2.2.0-beta
2024-03-07 17:45:00,SENS-D4,Roof - HVAC,56.17,51.4,1017.91,0.0145,87.1,-54,False,v2.1.3
2024-03-07 18:00:00,SENS-A1,Floor 1 - Server Room,23.73,71.2,,0.0153,87.0,-62,False,v2.1.3
2024-03-07 18:15:00,SENS-B2,Floor 2 - Lab,33.03,41.6,1013.84,0.0238,87.0,-71,False,v2.2.0-beta
2024-03-07 18:30:00,SENS-C3,Basement - Storage,20.54,59.8,1020.52,0.0126,87.0,-63,False,v2.1.3
2024-03-07 18:45:00,SENS-D4,Roof - HVAC,53.48,58.7,1021.2,0.0226,87.0,-76,False,v2.2.0-beta
2024-03-07 19:00:00,SENS-A1,Floor 1 - Server Room,23.22,61.0,1001.87,0.008,87.0,-66,False,v2.2.0-beta
2024-03-07 19:15:00,SENS-B2,Floor 2 - Lab,33.77,51.6,1004.34,0.0125,87.0,-85,False,v2.1.3
2024-03-07 19:30:00,SENS-C3,Basement - Storage,13.63,40.9,1009.78,0.0194,87.0,-64,False,v2.2.0-beta
2024-03-07 19:45:00,SENS-D4,Roof - HVAC,54.59,68.5,1014.34,0.0188,87.0,-63,False,v2.1.3
2024-03-07 20:00:00,SENS-A1,Floor 1 - Server Room,21.77,52.6,1019.83,0.0282,86.9,-63,False,v2.1.3
2024-03-07 20:15:00,SENS-B2,Floor 2 - Lab,34.35,44.4,1013.62,0.0043,86.9,-76,False,v2.2.0-beta
2024-03-07 20:30:00,SENS-C3,Basement - Storage,18.72,51.7,1013.23,0.0124,86.9,-78,False,v2.2.0-beta
2024-03-07 20:45:00,SENS-D4,Roof - HVAC,54.18,40.9,1015.79,0.0168,86.9,-60,False,v2.1.3
2024-03-07 21:00:00,SENS-A1,Floor 1 - Server Room,23.94,42.7,1011.3,0.0097,86.8,-58,False,v2.1.3
2024-03-07 21:15:00,SENS-B2,Floor 2 - Lab,36.84,54.5,1015.35,0.0233,86.8,-51,False,v2.1.3
2024-03-07 21:30:00,SENS-C3,Basement - Storage,18.87,57.9,1004.51,0.0093,86.8,-69,False,v2.2.0-beta
2024-03-07 21:45:00,SENS-D4,Roof - HVAC,56.93,42.6,1017.44,0.0214,86.8,-55,False,v2.2.0-beta
2024-03-07 22:00:00,SENS-A1,Floor 1 - Server Room,22.36,34.4,1017.01,0.0181,86.7,-62,False,v2.1.3
2024-03-07 22:15:00,SENS-B2,Floor 2 - Lab,31.49,43.6,1003.74,0.0173,86.7,-70,False,v2.1.3
2024-03-07 22:30:00,SENS-C3,Basement - Storage,17.2,52.9,1015.95,0.0114,86.7,-53,False,v2.1.3
2024-03-07 22:45:00,SENS-D4,Roof - HVAC,54.29,64.0,1009.85,0.0147,86.7,-68,False,v2.2.0-beta
2024-03-07 23:00:00,SENS-A1,Floor 1 - Server Room,20.21,60.7,1015.46,0.0222,86.6,-63,False,v2.1.3
2024-03-07 23:15:00,SENS-B2,Floor 2 - Lab,34.94,52.4,1015.89,0.007,86.6,-52,False,v2.1.3
2024-03-07 23:30:00,SENS-C3,Basement - Storage,19.51,39.8,1016.56,0.014,86.6,-54,False,v2.1.3
2024-03-07 23:45:00,SENS-D4,Roof - HVAC,54.52,48.1,1016.61,0.0217,86.6,-57,False,v2.1.3
2024-03-08 00:00:00,SENS-A1,Floor 1 - Server Room,22.53,57.9,1014.12,0.0102,86.6,-68,False,v2.2.0-beta
2024-03-08 00:15:00,SENS-B2,Floor 2 - Lab,36.37,65.0,1025.28,0.0183,86.6,-69,False,v2.1.3
2024-03-08 00:30:00,SENS-C3,Basement - Storage,17.61,48.5,1017.43,0.0091,86.6,-81,False,v2.2.0-beta
2024-03-08 00:45:00,SENS-D4,Roof - HVAC,54.26,62.2,1011.8,0.0177,86.6,-69,False,v2.1.3
2024-03-08 01:00:00,SENS-A1,Floor 1 - Server Room,22.42,63.4,1023.83,0.0173,86.5,-82,False,v2.1.3
2024-03-08 01:15:00,SENS-B2,Floor 2 - Lab,34.64,59.0,1018.86,0.0258,86.5,-70,False,v2.1.3
2024-03-08 01:30:00,SENS-C3,Basement - Storage,17.98,53.6,1006.73,0.0256,86.5,-64,False,v2.1.3
2024-03-08 01:45:00,SENS-D4,Roof - HVAC,56.67,54.4,1008.43,0.0084,86.5,-63,False,v2.2.0-beta
2024-03-08 02:00:00,SENS-A1,Floor 1 - Server Room,22.26,59.1,1015.7,0.0252,86.4,-75,False,v2.1.3
2024-03-08 02:15:00,SENS-B2,Floor 2 - Lab,34.68,36.7,1013.19,0.021,86.4,-59,False,v2.1.3
2024-03-08 02:30:00,SENS-C3,Basement - Storage,16.49,40.3,1013.03,0.0285,86.4,-63,False,v2.1.3
2024-03-08 02:45:00,SENS-D4,Roof - HVAC,55.21,53.4,1012.61,0.0213,86.4,-70,False,v2.2.0-beta
2024-03-08 03:00:00,SENS-A1,Floor 1 - Server Room,21.34,49.3,1019.5,0.0307,86.3,-74,False,v2.1.3
2024-03-08 03:15:00,SENS-B2,Floor 2 - Lab,34.21,39.5,1010.61,0.0127,86.3,-57,False,v2.1.3
2024-03-08 03:30:00,SENS-C3,Basement - Storage,16.53,49.6,1017.27,0.0204,86.3,-64,False,v2.2.0-beta
2024-03-08 03:45:00,SENS-D4,Roof - HVAC,57.03,52.7,1004.61,0.0173,86.3,-60,False,v2.1.3
2024-03-08 04:00:00,SENS-A1,Floor 1 - Server Room,19.83,62.5,1013.52,0.0099,86.2,-65,False,v2.1.3
2024-03-08 04:15:00,SENS-B2,Floor 2 - Lab,35.71,65.0,1028.35,0.0071,86.2,-68,False,v2.1.3
2024-03-08 04:30:00,SENS-C3,Basement - Storage,19.42,55.3,1013.86,0.0344,86.2,-68,False,v2.1.3
2024-03-08 04:45:00,SENS-D4,Roof - HVAC,55.98,57.1,1005.5,0.0318,86.2,-53,False,v2.1.3
2024-03-08 05:00:00,SENS-A1,Floor 1 - Server Room,23.1,65.2,1015.67,0.0297,86.2,-72,False,v2.1.3
2024-03-08 05:15:00,SENS-B2,Floor 2 - Lab,34.64,63.3,1011.36,0.0206,86.2,-75,False,v2.1.3
2024-03-08 05:30:00,SENS-C3,Basement - Storage,19.45,42.9,1014.88,0.0269,86.2,-59,False,v2.1.3
2024-03-08 05:45:00,SENS-D4,Roof - HVAC,54.21,54.5,1024.87,0.0147,86.2,-60,False,v2.1.3
2024-03-08 06:00:00,SENS-A1,Floor 1 - Server Room,22.14,40.9,1010.37,0.017,86.1,-57,False,v2.2.0-beta
2024-03-08 06:15:00,SENS-B2,Floor 2 - Lab,36.77,35.7,1015.89,0.0174,86.1,-63,False,v2.1.3
2024-03-08 06:30:00,SENS-C3,Basement - Storage,20.05,49.8,1011.78,0.0096,86.1,-67,False,v2.1.3
2024-03-08 06:45:00,SENS-D4,Roof - HVAC,54.05,47.7,1008.91,0.0205,86.1,-59,False,v2.2.0-beta
2024-03-08 07:00:00,SENS-A1,Floor 1 - Server Room,21.98,39.0,1002.73,0.0253,86.0,-66,False,v2.1.3
2024-03-08 07:15:00,SENS-B2,Floor 2 - Lab,38.51,56.6,1009.08,0.0181,86.0,-55,False,v2.2.0-beta
2024-03-08 07:30:00,SENS-C3,Basement - Storage,17.84,48.1,,0.0224,86.0,-68,False,v2.2.0-beta
2024-03-08 07:45:00,SENS-D4,Roof - HVAC,56.04,67.7,1015.38,0.0298,86.0,-78,False,v2.1.3
2024-03-08 08:00:00,SENS-A1,Floor 1 - Server Room,22.5,45.2,1015.02,0.0226,85.9,-71,False,v2.2.0-beta
2024-03-08 08:15:00,SENS-B2,Floor 2 - Lab,35.72,45.3,1018.95,0.0157,85.9,-59,False,v2.2.0-beta
2024-03-08 08:30:00,SENS-C3,Basement - Storage,18.86,63.1,1009.54,0.0169,85.9,-70,False,v2.1.3
2024-03-08 08:45:00,SENS-D4,Roof - HVAC,52.71,49.0,1010.81,0.0161,85.9,-74,False,v2.2.0-beta
2024-03-08 09:00:00,SENS-A1,Floor 1 - Server Room,20.55,64.2,1004.0,0.0096,85.8,-69,False,v2.1.3
2024-03-08 09:15:00,SENS-B2,Floor 2 - Lab,36.08,70.9,1009.61,0.0089,85.8,-63,False,v2.2.0-beta
2024-03-08 09:30:00,SENS-C3,Basement - Storage,16.65,58.6,1020.3,0.023,85.8,-71,False,v2.2.0-beta
2024-03-08 09:45:00,SENS-D4,Roof - HVAC,55.81,48.8,1013.88,0.0196,85.8,-78,False,v2.1.3
2024-03-08 10:00:00,SENS-A1,Floor 1 - Server Room,23.51,58.6,1013.59,0.0275,85.8,-59,False,v2.1.3
2024-03-08 10:15:00,SENS-B2,Floor 2 - Lab,37.45,33.2,1020.46,0.0172,85.8,-68,False,v2.1.3
2024-03-08 10:30:00,SENS-C3,Basement - Storage,18.79,56.8,1004.71,0.0077,85.8,-61,False,v2.1.3
2024-03-08 10:45:00,SENS-D4,Roof - HVAC,52.32,67.5,1002.63,0.0033,85.8,-48,False,v2.1.3
2024-03-08 11:00:00,SENS-A1,Floor 1 - Server Room,20.89,60.4,1016.37,0.0253,85.7,-63,False,v2.1.3
2024-03-08 11:15:00,SENS-B2,Floor 2 - Lab,33.51,,1016.72,0.0049,85.7,-63,False,v2.1.3
2024-03-08 11:30:00,SENS-C3,Basement - Storage,17.93,75.8,1009.38,0.0177,85.7,-64,False,v2.1.3
2024-03-08 11:45:00,SENS-D4,Roof - HVAC,55.75,54.6,,0.0369,85.7,-68,False,v2.1.3
2024-03-08 12:00:00,SENS-A1,Floor 1 - Server Room,23.52,53.4,1026.52,0.0191,85.6,-80,False,v2.2.0-beta
2024-03-08 12:15:00,SENS-B2,Floor 2 - Lab,35.88,41.5,1011.02,0.0124,85.6,-62,False,v2.1.3
2024-03-08 12:30:00,SENS-C3,Basement - Storage,18.55,61.6,1018.35,0.0242,85.6,-48,False,v2.2.0-beta
2024-03-08 12:45:00,SENS-D4,Roof - HVAC,54.37,77.1,1010.75,0.0332,85.6,-69,False,v2.2.0-beta
2024-03-08 13:00:00,SENS-A1,Floor 1 - Server Room,19.62,48.0,1018.86,0.034,85.5,-66,False,v2.1.3
2024-03-08 13:15:00,SENS-B2,Floor 2 - Lab,34.41,59.4,1007.17,0.0214,85.5,-69,False,v2.2.0-beta
2024-03-08 13:30:00,SENS-C3,Basement - Storage,17.73,59.6,1016.54,0.0203,85.5,-64,False,v2.1.3
2024-03-08 13:45:00,SENS-D4,Roof - HVAC,55.01,57.6,1013.94,0.0132,85.5,-66,False,v2.1.3
2024-03-08 14:00:00,SENS-A1,Floor 1 - Server Room,22.53,59.7,1010.83,0.0072,85.4,-69,False,v2.1.3
2024-03-08 14:15:00,SENS-B2,Floor 2 - Lab,36.6,62.3,1014.89,0.0156,85.4,-64,False,v2.1.3
2024-03-08 14:30:00,SENS-C3,Basement - Storage,17.34,,1006.16,0.0224,85.4,-59,False,v2.2.0-beta
2024-03-08 14:45:00,SENS-D4,Roof - HVAC,56.99,54.9,1016.31,0.0353,85.4,-59,False,v2.1.3
2024-03-08 15:00:00,SENS-A1,Floor 1 - Server Room,21.51,,1016.25,0.0181,85.4,-74,False,v2.1.3
2024-03-08 15:15:00,SENS-B2,Floor 2 - Lab,35.42,52.4,1010.02,0.0088,85.4,-67,False,v2.1.3
2024-03-08 15:30:00,SENS-C3,Basement - Storage,15.88,78.7,1014.78,0.0235,85.4,-68,False,v2.1.3
2024-03-08 15:45:00,SENS-D4,Roof - HVAC,53.82,46.9,1009.42,0.022,85.4,-63,False,v2.2.0-beta
2024-03-08 16:00:00,SENS-A1,Floor 1 - Server Room,21.83,52.9,1014.6,0.0223,85.3,-74,False,v2.1.3
2024-03-08 16:15:00,SENS-B2,Floor 2 - Lab,34.78,60.0,1015.81,0.0261,85.3,-56,False,v2.1.3
2024-03-08 16:30:00,SENS-C3,Basement - Storage,18.05,41.7,1006.55,0.0196,85.3,-48,False,v2.1.3
2024-03-08 16:45:00,SENS-D4,Roof - HVAC,53.75,56.5,1011.39,0.0279,85.3,-77,False,v2.1.3
2024-03-08 17:00:00,SENS-A1,Floor 1 - Server Room,25.2,51.4,1004.04,0.0231,85.2,-54,False,v2.1.3
2024-03-08 17:15:00,SENS-B2,Floor 2 - Lab,37.2,62.2,1011.1,0.0256,85.2,-78,False,v2.1.3
2024-03-08 17:30:00,SENS-C3,Basement - Storage,17.65,58.4,1016.54,0.0173,85.2,-84,False,v2.2.0-beta
2024-03-08 17:45:00,SENS-D4,Roof - HVAC,53.13,54.0,1009.62,0.0276,85.2,-68,False,v2.1.3
2024-03-08 18:00:00,SENS-A1,Floor 1 - Server Room,21.38,68.6,1016.6,0.0357,85.1,-74,False,v2.2.0-beta
2024-03-08 18:15:00,SENS-B2,Floor 2 - Lab,35.91,51.9,1015.09,0.031,85.1,-72,False,v2.1.3
2024-03-08 18:30:00,SENS-C3,Basement - Storage,19.05,43.1,1005.61,0.0141,85.1,-71,False,v2.1.3
2024-03-08 18:45:00,SENS-D4,Roof - HVAC,53.29,,1019.61,0.0178,85.1,-63,False,v2.1.3
2024-03-08 19:00:00,SENS-A1,Floor 1 - Server Room,22.55,55.2,1011.44,0.0113,85.0,-59,False,v2.1.3
2024-03-08 19:15:00,SENS-B2,Floor 2 - Lab,34.45,60.5,1016.02,0.0212,85.0,-63,False,v2.1.3
2024-03-08 19:30:00,SENS-C3,Basement - Storage,17.48,52.6,1024.17,0.0152,85.0,-59,False,v2.2.0-beta
2024-03-08 19:45:00,SENS-D4,Roof - HVAC,78.2,56.2,1025.25,0.2688,85.0,-59,True,v2.1.3
2024-03-08 20:00:00,SENS-A1,Floor 1 - Server Room,18.51,67.6,1014.01,0.0201,85.0,-52,False,v2.1.3
2024-03-08 20:15:00,SENS-B2,Floor 2 - Lab,34.19,68.6,1012.34,0.0264,85.0,-65,False,v2.1.3
2024-03-08 20:30:00,SENS-C3,Basement - Storage,19.94,32.8,1010.6,0.0144,85.0,-69,False,v2.1.3
2024-03-08 20:45:00,SENS-D4,Roof - HVAC,52.52,62.5,1012.84,0.0083,85.0,-72,False,v2.1.3
2024-03-08 21:00:00,SENS-A1,Floor 1 - Server Room,21.91,,1014.18,0.012,84.9,-58,False,v2.1.3
2024-03-08 21:15:00,SENS-B2,Floor 2 - Lab,37.01,50.9,1006.45,0.006,84.9,-58,False,v2.1.3
2024-03-08 21:30:00,SENS-C3,Basement - Storage,17.48,65.4,1003.67,0.0211,84.9,-66,False,v2.1.3
2024-03-08 21:45:00,SENS-D4,Roof - HVAC,54.59,58.4,1016.63,0.0124,84.9,-59,False,v2.1.3
2024-03-08 22:00:00,SENS-A1,Floor 1 - Server Room,21.84,44.2,1006.72,0.0321,84.8,-58,False,v2.2.0-beta
2024-03-08 22:15:00,SENS-B2,Floor 2 - Lab,39.04,48.1,1011.15,0.028,84.8,-75,False,v2.1.3
2024-03-08 22:30:00,SENS-C3,Basement - Storage,18.77,65.0,1011.69,0.0132,84.8,-63,False,v2.1.3
2024-03-08 22:45:00,SENS-D4,Roof - HVAC,54.39,55.5,1024.91,0.0208,84.8,-57,False,v2.1.3
2024-03-08 23:00:00,SENS-A1,Floor 1 - Server Room,26.16,64.1,1011.2,0.0217,84.7,-71,False,v2.1.3
2024-03-08 23:15:00,SENS-B2,Floor 2 - Lab,35.67,61.7,1021.86,0.0233,84.7,-60,False,v2.1.3
2024-03-08 23:30:00,SENS-C3,Basement - Storage,17.37,58.1,1015.18,0.0136,84.7,-48,False,v2.1.3
2024-03-08 23:45:00,SENS-D4,Roof - HVAC,56.95,43.5,1011.99,0.0267,84.7,-83,False,v2.1.3
2024-03-09 00:00:00,SENS-A1,Floor 1 - Server Room,21.87,60.7,1008.68,0.0102,84.6,-66,False,v2.1.3
2024-03-09 00:15:00,SENS-B2,Floor 2 - Lab,36.07,48.3,1016.74,0.026,84.6,-61,False,v2.2.0-beta
2024-03-09 00:30:00,SENS-C3,Basement - Storage,18.08,51.1,1016.43,0.0233,84.6,-65,False,v2.1.3
2024-03-09 00:45:00,SENS-D4,Roof - HVAC,55.26,53.9,1008.98,0.038,84.6,-69,False,v2.2.0-beta
2024-03-09 01:00:00,SENS-A1,Floor 1 - Server Room,23.77,64.8,1015.98,0.0146,84.6,-57,False,v2.1.3
2024-03-09 01:15:00,SENS-B2,Floor 2 - Lab,34.84,60.5,,0.0067,84.6,-83,False,v2.2.0-beta
2024-03-09 01:30:00,SENS-C3,Basement - Storage,19.12,62.1,1014.36,0.0174,84.6,-77,False,v2.2.0-beta
2024-03-09 01:45:00,SENS-D4,Roof - HVAC,57.75,55.4,1015.9,0.0202,84.6,-65,False,v2.1.3
2024-03-09 02:00:00,SENS-A1,Floor 1 - Server Room,21.88,58.3,1007.51,0.0127,84.5,-71,False,v2.2.0-beta
2024-03-09 02:15:00,SENS-B2,Floor 2 - Lab,33.85,61.1,1010.27,0.0152,84.5,-76,False,v2.1.3
2024-03-09 02:30:00,SENS-C3,Basement - Storage,17.94,41.6,1014.81,0.0221,84.5,-66,False,v2.1.3
2024-03-09 02:45:00,SENS-D4,Roof - HVAC,52.1,45.7,1009.86,0.0106,84.5,-65,False,v2.1.3
2024-03-09 03:00:00,SENS-A1,Floor 1 - Server Room,21.22,81.5,1011.34,0.0225,84.4,-49,False,v2.2.0-beta
2024-03-09 03:15:00,SENS-B2,Floor 2 - Lab,38.07,50.7,1005.4,0.0325,84.4,-57,False,v2.1.3
2024-03-09 03:30:00,SENS-C3,Basement - Storage,20.11,54.4,1010.64,0.0134,84.4,-69,False,v2.2.0-beta
2024-03-09 03:45:00,SENS-D4,Roof - HVAC,54.8,56.2,1014.43,0.0154,84.4,-64,False,v2.1.3
2024-03-09 04:00:00,SENS-A1,Floor 1 - Server Room,20.33,33.8,1012.52,0.0245,84.3,-66,False,v2.1.3
2024-03-09 04:15:00,SENS-B2,Floor 2 - Lab,35.64,52.7,1005.44,0.0297,84.3,-63,False,v2.2.0-beta
2024-03-09 04:30:00,SENS-C3,Basement - Storage,19.74,51.4,1007.51,0.0135,84.3,-65,False,v2.1.3
2024-03-09 04:45:00,SENS-D4,Roof - HVAC,59.12,37.1,1018.81,0.0194,84.3,-55,False,v2.2.0-beta
2024-03-09 05:00:00,SENS-A1,Floor 1 - Server Room,19.63,52.3,1011.46,0.0209,84.2,-62,False,v2.1.3
2024-03-09 05:15:00,SENS-B2,Floor 2 - Lab,35.11,53.1,1014.46,0.013,84.2,-77,False,v2.1.3
2024-03-09 05:30:00,SENS-C3,Basement - Storage,18.02,71.7,1002.12,0.0196,84.2,-63,False,v2.1.3
2024-03-09 05:45:00,SENS-D4,Roof - HVAC,54.89,63.1,1017.85,0.0282,84.2,-67,False,v2.2.0-beta
2024-03-09 06:00:00,SENS-A1,Floor 1 - Server Room,21.5,44.0,1013.63,0.032,84.2,-68,False,v2.1.3
2024-03-09 06:15:00,SENS-B2,Floor 2 - Lab,35.25,57.5,1011.23,0.0181,84.2,-56,False,v2.1.3
2024-03-09 06:30:00,SENS-C3,Basement - Storage,17.96,58.4,1025.2,0.0143,84.2,-79,False,v2.1.3
2024-03-09 06:45:00,SENS-D4,Roof - HVAC,50.74,52.9,1012.57,0.0328,84.2,-65,False,v2.1.3
2024-03-09 07:00:00,SENS-A1,Floor 1 - Server Room,20.4,50.1,1010.75,0.0157,84.1,-70,False,v2.1.3
2024-03-09 07:15:00,SENS-B2,Floor 2 - Lab,36.54,60.3,1021.73,0.018,84.1,-55,False,v2.1.3
2024-03-09 07:30:00,SENS-C3,Basement - Storage,16.91,51.0,1010.59,0.0302,84.1,-52,False,v2.1.3
2024-03-09 07:45:00,SENS-D4,Roof - HVAC,55.26,79.3,1022.83,0.0095,84.1,-69,False,v2.2.0-beta
